personId,fatherId,motherId,name
http://www.wikidata.org/entity/Q135067805,http://www.wikidata.org/entity/Q55446431,http://www.wikidata.org/entity/Q27445213,
http://www.wikidata.org/entity/Q56417682,http://www.wikidata.org/entity/Q7152799,http://www.wikidata.org/entity/Q1379682,
http://www.wikidata.org/entity/Q114731653,http://www.wikidata.org/entity/Q355116,http://www.wikidata.org/entity/Q230203,
http://www.wikidata.org/entity/Q91257087,http://www.wikidata.org/entity/Q86267962,http://www.wikidata.org/entity/Q86157610,
http://www.wikidata.org/entity/Q115275241,http://www.wikidata.org/entity/Q311980,http://www.wikidata.org/entity/Q234152,
http://www.wikidata.org/entity/Q3077944,http://www.wikidata.org/entity/Q344908,http://www.wikidata.org/entity/Q455160,
http://www.wikidata.org/entity/Q114032448,http://www.wikidata.org/entity/Q114340806,http://www.wikidata.org/entity/Q7301916,
http://www.wikidata.org/entity/Q105338783,http://www.wikidata.org/entity/Q52516543,http://www.wikidata.org/entity/Q262838,
http://www.wikidata.org/entity/Q28146572,http://www.wikidata.org/entity/Q28053847,http://www.wikidata.org/entity/Q255129,
http://www.wikidata.org/entity/Q76373375,http://www.wikidata.org/entity/Q482907,http://www.wikidata.org/entity/Q76214295,
http://www.wikidata.org/entity/Q114572879,http://www.wikidata.org/entity/Q185724,http://www.wikidata.org/entity/Q29052379,
http://www.wikidata.org/entity/Q133896315,http://www.wikidata.org/entity/Q129160,http://www.wikidata.org/entity/Q938537,
http://www.wikidata.org/entity/Q76674013,http://www.wikidata.org/entity/Q269569,http://www.wikidata.org/entity/Q106836348,
http://www.wikidata.org/entity/Q63928440,http://www.wikidata.org/entity/Q722077,http://www.wikidata.org/entity/Q2569624,
http://www.wikidata.org/entity/Q105339004,http://www.wikidata.org/entity/Q52516543,http://www.wikidata.org/entity/Q262838,
http://www.wikidata.org/entity/Q76373378,http://www.wikidata.org/entity/Q482907,http://www.wikidata.org/entity/Q76214295,
http://www.wikidata.org/entity/Q131290398,http://www.wikidata.org/entity/Q124258347,http://www.wikidata.org/entity/Q3502195,
http://www.wikidata.org/entity/Q101247956,http://www.wikidata.org/entity/Q1349573,http://www.wikidata.org/entity/Q2642254,
http://www.wikidata.org/entity/Q91257493,http://www.wikidata.org/entity/Q86267962,http://www.wikidata.org/entity/Q86157610,
http://www.wikidata.org/entity/Q136328219,http://www.wikidata.org/entity/Q7182576,,
http://www.wikidata.org/entity/Q37818283,http://www.wikidata.org/entity/Q5217578,,
http://www.wikidata.org/entity/Q134729011,,http://www.wikidata.org/entity/Q3788185,
http://www.wikidata.org/entity/Q116869845,http://www.wikidata.org/entity/Q192682,http://www.wikidata.org/entity/Q162959,
http://www.wikidata.org/entity/Q122853873,http://www.wikidata.org/entity/Q350314,,
http://www.wikidata.org/entity/Q22684571,http://www.wikidata.org/entity/Q6242516,http://www.wikidata.org/entity/Q263533,
http://www.wikidata.org/entity/Q63928490,http://www.wikidata.org/entity/Q722077,http://www.wikidata.org/entity/Q2569624,
http://www.wikidata.org/entity/Q122861214,http://www.wikidata.org/entity/Q1806794,,
http://www.wikidata.org/entity/Q133896230,http://www.wikidata.org/entity/Q129160,http://www.wikidata.org/entity/Q938537,
http://www.wikidata.org/entity/Q130554635,http://www.wikidata.org/entity/Q111810790,http://www.wikidata.org/entity/Q111810797,
http://www.wikidata.org/entity/Q116869858,http://www.wikidata.org/entity/Q192682,http://www.wikidata.org/entity/Q162959,
http://www.wikidata.org/entity/Q108452094,http://www.wikidata.org/entity/Q33240,http://www.wikidata.org/entity/Q108464923,
http://www.wikidata.org/entity/Q116041963,http://www.wikidata.org/entity/Q18637833,http://www.wikidata.org/entity/Q88006341,
http://www.wikidata.org/entity/Q116869931,http://www.wikidata.org/entity/Q192682,http://www.wikidata.org/entity/Q162959,
http://www.wikidata.org/entity/Q83873608,http://www.wikidata.org/entity/Q65028258,http://www.wikidata.org/entity/Q234709,
http://www.wikidata.org/entity/Q120918333,http://www.wikidata.org/entity/Q120918397,,
http://www.wikidata.org/entity/Q121362991,,http://www.wikidata.org/entity/Q121362774,
http://www.wikidata.org/entity/Q136838361,http://www.wikidata.org/entity/Q136758149,http://www.wikidata.org/entity/Q136838833,
http://www.wikidata.org/entity/Q136839917,http://www.wikidata.org/entity/Q136758149,http://www.wikidata.org/entity/Q136838833,
http://www.wikidata.org/entity/Q4765291,http://www.wikidata.org/entity/Q6712280,,
http://www.wikidata.org/entity/Q55991203,,http://www.wikidata.org/entity/Q3174664,
http://www.wikidata.org/entity/Q62065538,http://www.wikidata.org/entity/Q87150816,http://www.wikidata.org/entity/Q87154088,
http://www.wikidata.org/entity/Q7687640,,http://www.wikidata.org/entity/Q3499310,
http://www.wikidata.org/entity/Q110876482,http://www.wikidata.org/entity/Q4757919,,
http://www.wikidata.org/entity/Q20908930,http://www.wikidata.org/entity/Q96095162,,
http://www.wikidata.org/entity/Q85870860,http://www.wikidata.org/entity/Q61473733,,
http://www.wikidata.org/entity/Q55183447,http://www.wikidata.org/entity/Q19957800,http://www.wikidata.org/entity/Q456755,
http://www.wikidata.org/entity/Q62071356,http://www.wikidata.org/entity/Q680239,,
http://www.wikidata.org/entity/Q39285184,http://www.wikidata.org/entity/Q380802,http://www.wikidata.org/entity/Q202801,
http://www.wikidata.org/entity/Q32786169,http://www.wikidata.org/entity/Q3445560,,
http://www.wikidata.org/entity/Q54801704,http://www.wikidata.org/entity/Q1336515,,
http://www.wikidata.org/entity/Q124220412,http://www.wikidata.org/entity/Q125756337,,
http://www.wikidata.org/entity/Q64781768,http://www.wikidata.org/entity/Q349347,,
http://www.wikidata.org/entity/Q126496198,http://www.wikidata.org/entity/Q58813068,,
http://www.wikidata.org/entity/Q126496191,http://www.wikidata.org/entity/Q995374,,
http://www.wikidata.org/entity/Q104730249,http://www.wikidata.org/entity/Q1451053,,
http://www.wikidata.org/entity/Q24084717,http://www.wikidata.org/entity/Q554560,http://www.wikidata.org/entity/Q5105,
http://www.wikidata.org/entity/Q239515,http://www.wikidata.org/entity/Q123909204,http://www.wikidata.org/entity/Q123909260,
http://www.wikidata.org/entity/Q22910214,http://www.wikidata.org/entity/Q57169979,,
http://www.wikidata.org/entity/Q56417732,http://www.wikidata.org/entity/Q7152799,http://www.wikidata.org/entity/Q1379682,
http://www.wikidata.org/entity/Q117268306,http://www.wikidata.org/entity/Q4705129,,
http://www.wikidata.org/entity/Q41154255,http://www.wikidata.org/entity/Q3264890,http://www.wikidata.org/entity/Q3154825,
http://www.wikidata.org/entity/Q109179940,http://www.wikidata.org/entity/Q704094,,
http://www.wikidata.org/entity/Q129101905,http://www.wikidata.org/entity/Q61473733,,
http://www.wikidata.org/entity/Q100166692,http://www.wikidata.org/entity/Q4977670,,
http://www.wikidata.org/entity/Q30001834,http://www.wikidata.org/entity/Q6214043,http://www.wikidata.org/entity/Q20006966,
http://www.wikidata.org/entity/Q17490477,http://www.wikidata.org/entity/Q395274,http://www.wikidata.org/entity/Q275958,
http://www.wikidata.org/entity/Q113945974,http://www.wikidata.org/entity/Q1109191,,
http://www.wikidata.org/entity/Q55231815,http://www.wikidata.org/entity/Q24605465,http://www.wikidata.org/entity/Q4029,
http://www.wikidata.org/entity/Q115593838,http://www.wikidata.org/entity/Q123138698,,
http://www.wikidata.org/entity/Q116960084,http://www.wikidata.org/entity/Q323076,,
http://www.wikidata.org/entity/Q63140126,http://www.wikidata.org/entity/Q6161688,,
http://www.wikidata.org/entity/Q100176902,http://www.wikidata.org/entity/Q331160,,
http://www.wikidata.org/entity/Q97761392,http://www.wikidata.org/entity/Q21010064,,
http://www.wikidata.org/entity/Q137876541,http://www.wikidata.org/entity/Q138011495,,
http://www.wikidata.org/entity/Q100177658,http://www.wikidata.org/entity/Q995374,,
http://www.wikidata.org/entity/Q65933965,http://www.wikidata.org/entity/Q117074497,,
http://www.wikidata.org/entity/Q50329570,http://www.wikidata.org/entity/Q108672951,,
http://www.wikidata.org/entity/Q59331221,http://www.wikidata.org/entity/Q193555,http://www.wikidata.org/entity/Q2150802,
http://www.wikidata.org/entity/Q131441948,http://www.wikidata.org/entity/Q681013,,
http://www.wikidata.org/entity/Q107684199,http://www.wikidata.org/entity/Q523019,,
http://www.wikidata.org/entity/Q125224036,http://www.wikidata.org/entity/Q85785438,,
http://www.wikidata.org/entity/Q121600012,http://www.wikidata.org/entity/Q97705491,http://www.wikidata.org/entity/Q2840683,
http://www.wikidata.org/entity/Q107671572,http://www.wikidata.org/entity/Q1135806,,
http://www.wikidata.org/entity/Q2837001,http://www.wikidata.org/entity/Q607793,,
http://www.wikidata.org/entity/Q42356050,,http://www.wikidata.org/entity/Q229560,
http://www.wikidata.org/entity/Q102077303,http://www.wikidata.org/entity/Q1381799,,
http://www.wikidata.org/entity/Q42570889,http://www.wikidata.org/entity/Q51997524,http://www.wikidata.org/entity/Q5411772,
http://www.wikidata.org/entity/Q113004687,http://www.wikidata.org/entity/Q6775927,http://www.wikidata.org/entity/Q135104925,
http://www.wikidata.org/entity/Q96375515,,http://www.wikidata.org/entity/Q80424,
http://www.wikidata.org/entity/Q113799453,http://www.wikidata.org/entity/Q3287975,,
http://www.wikidata.org/entity/Q100243106,http://www.wikidata.org/entity/Q21010064,,
http://www.wikidata.org/entity/Q134185058,http://www.wikidata.org/entity/Q2328059,,
http://www.wikidata.org/entity/Q116721237,http://www.wikidata.org/entity/Q113495860,,
http://www.wikidata.org/entity/Q124790086,,http://www.wikidata.org/entity/Q14915892,
http://www.wikidata.org/entity/Q110692333,http://www.wikidata.org/entity/Q3340322,,
http://www.wikidata.org/entity/Q116819182,http://www.wikidata.org/entity/Q3301779,http://www.wikidata.org/entity/Q264774,
http://www.wikidata.org/entity/Q125132702,http://www.wikidata.org/entity/Q2665606,,
http://www.wikidata.org/entity/Q120401415,http://www.wikidata.org/entity/Q356020,,
http://www.wikidata.org/entity/Q47009399,http://www.wikidata.org/entity/Q47009397,http://www.wikidata.org/entity/Q91305666,
http://www.wikidata.org/entity/Q59331456,http://www.wikidata.org/entity/Q193555,http://www.wikidata.org/entity/Q2150802,
http://www.wikidata.org/entity/Q55231967,http://www.wikidata.org/entity/Q24605465,http://www.wikidata.org/entity/Q4029,
http://www.wikidata.org/entity/Q81904947,http://www.wikidata.org/entity/Q957315,,
http://www.wikidata.org/entity/Q123024962,http://www.wikidata.org/entity/Q81223,http://www.wikidata.org/entity/Q116281,
http://www.wikidata.org/entity/Q114918090,http://www.wikidata.org/entity/Q704094,,
http://www.wikidata.org/entity/Q132042276,http://www.wikidata.org/entity/Q132042361,http://www.wikidata.org/entity/Q132041820,
http://www.wikidata.org/entity/Q56243175,,http://www.wikidata.org/entity/Q19878840,
http://www.wikidata.org/entity/Q120068593,http://www.wikidata.org/entity/Q1384170,,
http://www.wikidata.org/entity/Q116679404,http://www.wikidata.org/entity/Q123347869,http://www.wikidata.org/entity/Q123348113,
http://www.wikidata.org/entity/Q116679427,http://www.wikidata.org/entity/Q123347869,http://www.wikidata.org/entity/Q123348113,
http://www.wikidata.org/entity/Q111465822,http://www.wikidata.org/entity/Q447967,,
http://www.wikidata.org/entity/Q56417805,http://www.wikidata.org/entity/Q7152799,http://www.wikidata.org/entity/Q1379682,
http://www.wikidata.org/entity/Q100233526,http://www.wikidata.org/entity/Q100233531,http://www.wikidata.org/entity/Q100233515,
http://www.wikidata.org/entity/Q111076737,http://www.wikidata.org/entity/Q21010064,,
http://www.wikidata.org/entity/Q61722250,http://www.wikidata.org/entity/Q116196467,http://www.wikidata.org/entity/Q181229,
http://www.wikidata.org/entity/Q124344303,http://www.wikidata.org/entity/Q3481638,,
http://www.wikidata.org/entity/Q123024923,http://www.wikidata.org/entity/Q81223,http://www.wikidata.org/entity/Q116281,
http://www.wikidata.org/entity/Q95770159,http://www.wikidata.org/entity/Q2158796,http://www.wikidata.org/entity/Q66970,
http://www.wikidata.org/entity/Q59331791,http://www.wikidata.org/entity/Q193555,http://www.wikidata.org/entity/Q2150802,
http://www.wikidata.org/entity/Q116369841,http://www.wikidata.org/entity/Q7331287,,
http://www.wikidata.org/entity/Q124288081,http://www.wikidata.org/entity/Q456708,,
http://www.wikidata.org/entity/Q107323240,,http://www.wikidata.org/entity/Q19878840,
http://www.wikidata.org/entity/Q20965633,http://www.wikidata.org/entity/Q47009397,http://www.wikidata.org/entity/Q91305666,
http://www.wikidata.org/entity/Q135711946,http://www.wikidata.org/entity/Q273256,,
http://www.wikidata.org/entity/Q133801105,http://www.wikidata.org/entity/Q375550,,
http://www.wikidata.org/entity/Q63107183,http://www.wikidata.org/entity/Q15651757,,
http://www.wikidata.org/entity/Q55232491,http://www.wikidata.org/entity/Q51997524,http://www.wikidata.org/entity/Q5411772,
http://www.wikidata.org/entity/Q127273059,http://www.wikidata.org/entity/Q709483,http://www.wikidata.org/entity/Q452641,
http://www.wikidata.org/entity/Q135354639,http://www.wikidata.org/entity/Q3481638,,
http://www.wikidata.org/entity/Q114340614,http://www.wikidata.org/entity/Q114340806,http://www.wikidata.org/entity/Q7301916,
http://www.wikidata.org/entity/Q27801043,http://www.wikidata.org/entity/Q27801058,,
http://www.wikidata.org/entity/Q135711994,http://www.wikidata.org/entity/Q273256,,
http://www.wikidata.org/entity/Q54801680,http://www.wikidata.org/entity/Q1336515,,
http://www.wikidata.org/entity/Q114731601,http://www.wikidata.org/entity/Q355116,http://www.wikidata.org/entity/Q230203,
http://www.wikidata.org/entity/Q117284075,http://www.wikidata.org/entity/Q117284639,http://www.wikidata.org/entity/Q117284724,
http://www.wikidata.org/entity/Q27801041,http://www.wikidata.org/entity/Q27801058,,
http://www.wikidata.org/entity/Q120918397,http://www.wikidata.org/entity/Q120916719,,
http://www.wikidata.org/entity/Q14949565,http://www.wikidata.org/entity/Q6790634,,
http://www.wikidata.org/entity/Q28341326,,http://www.wikidata.org/entity/Q6187788,
http://www.wikidata.org/entity/Q3379287,,http://www.wikidata.org/entity/Q78087323,
http://www.wikidata.org/entity/Q82574910,,http://www.wikidata.org/entity/Q51719372,
http://www.wikidata.org/entity/Q93460513,http://www.wikidata.org/entity/Q360286,,
http://www.wikidata.org/entity/Q9184786,http://www.wikidata.org/entity/Q8276604,,
http://www.wikidata.org/entity/Q3106144,http://www.wikidata.org/entity/Q3454399,,
http://www.wikidata.org/entity/Q3960438,http://www.wikidata.org/entity/Q5504911,,
http://www.wikidata.org/entity/Q12354270,,http://www.wikidata.org/entity/Q1212819,
http://www.wikidata.org/entity/Q5301237,http://www.wikidata.org/entity/Q3181008,,
http://www.wikidata.org/entity/Q6500565,http://www.wikidata.org/entity/Q6229042,,
http://www.wikidata.org/entity/Q23020171,http://www.wikidata.org/entity/Q26258785,http://www.wikidata.org/entity/Q75353087,
http://www.wikidata.org/entity/Q7244584,http://www.wikidata.org/entity/Q936303,,
http://www.wikidata.org/entity/Q1491812,http://www.wikidata.org/entity/Q7945588,http://www.wikidata.org/entity/Q106569590,
http://www.wikidata.org/entity/Q134416781,http://www.wikidata.org/entity/Q134589255,,
http://www.wikidata.org/entity/Q431807,http://www.wikidata.org/entity/Q75440890,,
http://www.wikidata.org/entity/Q125243324,http://www.wikidata.org/entity/Q134575137,,
http://www.wikidata.org/entity/Q17388622,http://www.wikidata.org/entity/Q7184170,,
http://www.wikidata.org/entity/Q3157748,http://www.wikidata.org/entity/Q3158158,http://www.wikidata.org/entity/Q3171718,
http://www.wikidata.org/entity/Q4706792,http://www.wikidata.org/entity/Q7356620,,
http://www.wikidata.org/entity/Q5387077,http://www.wikidata.org/entity/Q193871,http://www.wikidata.org/entity/Q109318638,
http://www.wikidata.org/entity/Q3385741,http://www.wikidata.org/entity/Q3172956,,
http://www.wikidata.org/entity/Q7937899,http://www.wikidata.org/entity/Q10898425,,
http://www.wikidata.org/entity/Q4980156,http://www.wikidata.org/entity/Q359645,,
http://www.wikidata.org/entity/Q7148906,http://www.wikidata.org/entity/Q3132900,,
http://www.wikidata.org/entity/Q54809765,http://www.wikidata.org/entity/Q51719622,,
http://www.wikidata.org/entity/Q3561548,http://www.wikidata.org/entity/Q16002951,,
http://www.wikidata.org/entity/Q912015,http://www.wikidata.org/entity/Q934093,,
http://www.wikidata.org/entity/Q3017159,http://www.wikidata.org/entity/Q6939214,,
http://www.wikidata.org/entity/Q5982994,http://www.wikidata.org/entity/Q76178244,http://www.wikidata.org/entity/Q76178247,
http://www.wikidata.org/entity/Q975652,http://www.wikidata.org/entity/Q15499823,,
http://www.wikidata.org/entity/Q5075510,http://www.wikidata.org/entity/Q5670791,,
http://www.wikidata.org/entity/Q76335507,http://www.wikidata.org/entity/Q76335509,,
http://www.wikidata.org/entity/Q3291984,http://www.wikidata.org/entity/Q115974786,http://www.wikidata.org/entity/Q102037763,
http://www.wikidata.org/entity/Q3287758,http://www.wikidata.org/entity/Q95045928,,
http://www.wikidata.org/entity/Q6137877,http://www.wikidata.org/entity/Q7346767,,
http://www.wikidata.org/entity/Q117188204,http://www.wikidata.org/entity/Q46992431,,
http://www.wikidata.org/entity/Q3014552,http://www.wikidata.org/entity/Q3437481,,
http://www.wikidata.org/entity/Q3310974,http://www.wikidata.org/entity/Q2400807,http://www.wikidata.org/entity/Q55670316,
http://www.wikidata.org/entity/Q50358701,http://www.wikidata.org/entity/Q2871154,,
http://www.wikidata.org/entity/Q55217883,http://www.wikidata.org/entity/Q55218548,,
http://www.wikidata.org/entity/Q630854,http://www.wikidata.org/entity/Q5723431,,
http://www.wikidata.org/entity/Q1964518,http://www.wikidata.org/entity/Q5669992,http://www.wikidata.org/entity/Q107210694,
http://www.wikidata.org/entity/Q51748297,http://www.wikidata.org/entity/Q135990022,,
http://www.wikidata.org/entity/Q7611379,http://www.wikidata.org/entity/Q16749953,http://www.wikidata.org/entity/Q6759244,
http://www.wikidata.org/entity/Q774466,http://www.wikidata.org/entity/Q1585862,,
http://www.wikidata.org/entity/Q18631459,http://www.wikidata.org/entity/Q7175561,,
http://www.wikidata.org/entity/Q959778,http://www.wikidata.org/entity/Q1356461,,
http://www.wikidata.org/entity/Q16105941,http://www.wikidata.org/entity/Q111794268,,
http://www.wikidata.org/entity/Q5337320,http://www.wikidata.org/entity/Q16009608,,
http://www.wikidata.org/entity/Q3309381,http://www.wikidata.org/entity/Q3168775,,
http://www.wikidata.org/entity/Q87150816,http://www.wikidata.org/entity/Q87150970,http://www.wikidata.org/entity/Q3175894,
http://www.wikidata.org/entity/Q4913368,http://www.wikidata.org/entity/Q2903733,,
http://www.wikidata.org/entity/Q29025507,http://www.wikidata.org/entity/Q28674207,,
http://www.wikidata.org/entity/Q107097681,http://www.wikidata.org/entity/Q53476309,,
http://www.wikidata.org/entity/Q15454468,,http://www.wikidata.org/entity/Q6187788,
http://www.wikidata.org/entity/Q16203062,http://www.wikidata.org/entity/Q6106250,,
http://www.wikidata.org/entity/Q7153418,http://www.wikidata.org/entity/Q7167559,,
http://www.wikidata.org/entity/Q94440581,http://www.wikidata.org/entity/Q105082335,,
http://www.wikidata.org/entity/Q5079547,http://www.wikidata.org/entity/Q26258785,http://www.wikidata.org/entity/Q75353087,
http://www.wikidata.org/entity/Q55422,http://www.wikidata.org/entity/Q116013724,http://www.wikidata.org/entity/Q116013799,
http://www.wikidata.org/entity/Q3438304,http://www.wikidata.org/entity/Q2958855,,
http://www.wikidata.org/entity/Q3386920,http://www.wikidata.org/entity/Q61342678,,
http://www.wikidata.org/entity/Q1284738,http://www.wikidata.org/entity/Q4938038,,
http://www.wikidata.org/entity/Q3023166,http://www.wikidata.org/entity/Q359645,,
http://www.wikidata.org/entity/Q55498329,http://www.wikidata.org/entity/Q135221888,,
http://www.wikidata.org/entity/Q3310727,http://www.wikidata.org/entity/Q3069322,,
http://www.wikidata.org/entity/Q6695763,http://www.wikidata.org/entity/Q5444513,,
http://www.wikidata.org/entity/Q912001,http://www.wikidata.org/entity/Q75864198,http://www.wikidata.org/entity/Q75864200,
http://www.wikidata.org/entity/Q104176032,http://www.wikidata.org/entity/Q62348792,,
http://www.wikidata.org/entity/Q3372129,,http://www.wikidata.org/entity/Q104762265,
http://www.wikidata.org/entity/Q3311606,http://www.wikidata.org/entity/Q930247,,
http://www.wikidata.org/entity/Q284428,http://www.wikidata.org/entity/Q43398995,,
http://www.wikidata.org/entity/Q55260856,http://www.wikidata.org/entity/Q24264575,,
http://www.wikidata.org/entity/Q518615,http://www.wikidata.org/entity/Q76002607,http://www.wikidata.org/entity/Q76002605,
http://www.wikidata.org/entity/Q96754824,,http://www.wikidata.org/entity/Q82574317,
http://www.wikidata.org/entity/Q5540852,http://www.wikidata.org/entity/Q75795807,http://www.wikidata.org/entity/Q75795810,
http://www.wikidata.org/entity/Q362372,http://www.wikidata.org/entity/Q936303,,
http://www.wikidata.org/entity/Q2910920,http://www.wikidata.org/entity/Q2641870,http://www.wikidata.org/entity/Q3260043,
http://www.wikidata.org/entity/Q64775323,http://www.wikidata.org/entity/Q3172389,,
http://www.wikidata.org/entity/Q2093379,http://www.wikidata.org/entity/Q3370985,http://www.wikidata.org/entity/Q58468244,
http://www.wikidata.org/entity/Q56558700,http://www.wikidata.org/entity/Q56284913,,
http://www.wikidata.org/entity/Q85630579,http://www.wikidata.org/entity/Q21338413,,
http://www.wikidata.org/entity/Q2604970,http://www.wikidata.org/entity/Q6662738,,
http://www.wikidata.org/entity/Q1356412,http://www.wikidata.org/entity/Q107323524,,
http://www.wikidata.org/entity/Q336444,http://www.wikidata.org/entity/Q8083596,http://www.wikidata.org/entity/Q75440155,
http://www.wikidata.org/entity/Q6515573,http://www.wikidata.org/entity/Q5662837,,
http://www.wikidata.org/entity/Q5237612,http://www.wikidata.org/entity/Q5335182,http://www.wikidata.org/entity/Q106919395,
http://www.wikidata.org/entity/Q4773084,,http://www.wikidata.org/entity/Q7405230,
http://www.wikidata.org/entity/Q110580047,http://www.wikidata.org/entity/Q6248174,,
http://www.wikidata.org/entity/Q14252969,http://www.wikidata.org/entity/Q17318735,,
http://www.wikidata.org/entity/Q3439021,http://www.wikidata.org/entity/Q3288978,,
http://www.wikidata.org/entity/Q18221658,http://www.wikidata.org/entity/Q16913137,http://www.wikidata.org/entity/Q134545302,
http://www.wikidata.org/entity/Q2850572,http://www.wikidata.org/entity/Q96088717,http://www.wikidata.org/entity/Q96088718,
http://www.wikidata.org/entity/Q3014237,http://www.wikidata.org/entity/Q3014239,,
http://www.wikidata.org/entity/Q112470931,http://www.wikidata.org/entity/Q122939527,,
http://www.wikidata.org/entity/Q2093709,http://www.wikidata.org/entity/Q1175698,,
http://www.wikidata.org/entity/Q3292612,http://www.wikidata.org/entity/Q2400807,http://www.wikidata.org/entity/Q55670316,
http://www.wikidata.org/entity/Q5543877,http://www.wikidata.org/entity/Q7495562,,
http://www.wikidata.org/entity/Q506352,http://www.wikidata.org/entity/Q51885931,,
http://www.wikidata.org/entity/Q7030042,http://www.wikidata.org/entity/Q6120515,,
http://www.wikidata.org/entity/Q64682081,http://www.wikidata.org/entity/Q132002943,,
http://www.wikidata.org/entity/Q55218873,http://www.wikidata.org/entity/Q7176404,,
http://www.wikidata.org/entity/Q60664478,http://www.wikidata.org/entity/Q2958855,,
http://www.wikidata.org/entity/Q7094394,http://www.wikidata.org/entity/Q40217135,,
http://www.wikidata.org/entity/Q6811325,http://www.wikidata.org/entity/Q809082,http://www.wikidata.org/entity/Q7660167,
http://www.wikidata.org/entity/Q106037192,http://www.wikidata.org/entity/Q21683697,,
http://www.wikidata.org/entity/Q76847368,http://www.wikidata.org/entity/Q594644,,
http://www.wikidata.org/entity/Q3442270,http://www.wikidata.org/entity/Q111794268,,
http://www.wikidata.org/entity/Q4707215,http://www.wikidata.org/entity/Q2866925,http://www.wikidata.org/entity/Q76064001,
http://www.wikidata.org/entity/Q633,http://www.wikidata.org/entity/Q1780491,,
http://www.wikidata.org/entity/Q134052649,http://www.wikidata.org/entity/Q134052535,,
http://www.wikidata.org/entity/Q16751012,http://www.wikidata.org/entity/Q6144198,,
http://www.wikidata.org/entity/Q116176618,http://www.wikidata.org/entity/Q5585265,http://www.wikidata.org/entity/Q116176592,
http://www.wikidata.org/entity/Q116203803,http://www.wikidata.org/entity/Q116695805,http://www.wikidata.org/entity/Q116695827,
http://www.wikidata.org/entity/Q15485860,http://www.wikidata.org/entity/Q3166184,http://www.wikidata.org/entity/Q3094111,
http://www.wikidata.org/entity/Q19802599,http://www.wikidata.org/entity/Q75585568,http://www.wikidata.org/entity/Q75585566,
http://www.wikidata.org/entity/Q20985636,http://www.wikidata.org/entity/Q579589,,
http://www.wikidata.org/entity/Q55218906,http://www.wikidata.org/entity/Q52157461,http://www.wikidata.org/entity/Q55219355,
http://www.wikidata.org/entity/Q5528862,http://www.wikidata.org/entity/Q7369588,,
http://www.wikidata.org/entity/Q636977,http://www.wikidata.org/entity/Q56612593,,
http://www.wikidata.org/entity/Q731787,http://www.wikidata.org/entity/Q122764625,,
http://www.wikidata.org/entity/Q93886867,,http://www.wikidata.org/entity/Q23688796,
http://www.wikidata.org/entity/Q2829652,http://www.wikidata.org/entity/Q3309251,http://www.wikidata.org/entity/Q3484646,
http://www.wikidata.org/entity/Q235084,http://www.wikidata.org/entity/Q96088717,http://www.wikidata.org/entity/Q96088718,
http://www.wikidata.org/entity/Q2849827,http://www.wikidata.org/entity/Q3171474,,
http://www.wikidata.org/entity/Q3367445,http://www.wikidata.org/entity/Q1380793,,
http://www.wikidata.org/entity/Q27535213,http://www.wikidata.org/entity/Q1712250,,
http://www.wikidata.org/entity/Q120187106,http://www.wikidata.org/entity/Q157280,http://www.wikidata.org/entity/Q4077248,
http://www.wikidata.org/entity/Q56311963,http://www.wikidata.org/entity/Q56284913,,
http://www.wikidata.org/entity/Q964801,http://www.wikidata.org/entity/Q3014239,,
http://www.wikidata.org/entity/Q6055104,http://www.wikidata.org/entity/Q735556,,
http://www.wikidata.org/entity/Q28007559,,http://www.wikidata.org/entity/Q130356360,
http://www.wikidata.org/entity/Q729225,,http://www.wikidata.org/entity/Q16013566,
http://www.wikidata.org/entity/Q75910691,http://www.wikidata.org/entity/Q75910689,http://www.wikidata.org/entity/Q75910690,
http://www.wikidata.org/entity/Q5246389,http://www.wikidata.org/entity/Q4895252,,
http://www.wikidata.org/entity/Q137679117,http://www.wikidata.org/entity/Q12167538,,
http://www.wikidata.org/entity/Q87154088,http://www.wikidata.org/entity/Q115974786,http://www.wikidata.org/entity/Q102037763,
http://www.wikidata.org/entity/Q578207,,http://www.wikidata.org/entity/Q85843748,
http://www.wikidata.org/entity/Q4908022,http://www.wikidata.org/entity/Q3127574,,
http://www.wikidata.org/entity/Q437247,,http://www.wikidata.org/entity/Q5364775,
http://www.wikidata.org/entity/Q3083921,http://www.wikidata.org/entity/Q3574074,,
http://www.wikidata.org/entity/Q111343006,http://www.wikidata.org/entity/Q6701139,,
http://www.wikidata.org/entity/Q6996056,http://www.wikidata.org/entity/Q7599615,,
http://www.wikidata.org/entity/Q110831071,http://www.wikidata.org/entity/Q5585299,,
http://www.wikidata.org/entity/Q65679750,http://www.wikidata.org/entity/Q3168775,,
http://www.wikidata.org/entity/Q93888640,,http://www.wikidata.org/entity/Q95391845,
http://www.wikidata.org/entity/Q1374304,http://www.wikidata.org/entity/Q22918777,,
http://www.wikidata.org/entity/Q591168,,http://www.wikidata.org/entity/Q8022530,
http://www.wikidata.org/entity/Q3159911,,http://www.wikidata.org/entity/Q104762265,
http://www.wikidata.org/entity/Q311684,http://www.wikidata.org/entity/Q500237,http://www.wikidata.org/entity/Q110384411,
http://www.wikidata.org/entity/Q809008,http://www.wikidata.org/entity/Q5763210,,
http://www.wikidata.org/entity/Q4498609,http://www.wikidata.org/entity/Q70251721,,
http://www.wikidata.org/entity/Q16751028,http://www.wikidata.org/entity/Q6144198,,
http://www.wikidata.org/entity/Q3308223,http://www.wikidata.org/entity/Q3420893,http://www.wikidata.org/entity/Q75273807,
http://www.wikidata.org/entity/Q6698453,http://www.wikidata.org/entity/Q55609134,http://www.wikidata.org/entity/Q107355488,
http://www.wikidata.org/entity/Q704140,,http://www.wikidata.org/entity/Q7214331,
http://www.wikidata.org/entity/Q205319,http://www.wikidata.org/entity/Q3171833,,
http://www.wikidata.org/entity/Q3506871,http://www.wikidata.org/entity/Q322783,,
http://www.wikidata.org/entity/Q739820,http://www.wikidata.org/entity/Q6939214,,
http://www.wikidata.org/entity/Q75512422,http://www.wikidata.org/entity/Q75512419,http://www.wikidata.org/entity/Q75512421,
http://www.wikidata.org/entity/Q3014061,http://www.wikidata.org/entity/Q3435174,http://www.wikidata.org/entity/Q3293932,
http://www.wikidata.org/entity/Q3564554,http://www.wikidata.org/entity/Q7411252,,
http://www.wikidata.org/entity/Q107531809,http://www.wikidata.org/entity/Q3387121,http://www.wikidata.org/entity/Q3311467,
http://www.wikidata.org/entity/Q517540,http://www.wikidata.org/entity/Q106866291,http://www.wikidata.org/entity/Q106866295,
http://www.wikidata.org/entity/Q92894,http://www.wikidata.org/entity/Q3504858,,
http://www.wikidata.org/entity/Q55219056,,http://www.wikidata.org/entity/Q23688796,
http://www.wikidata.org/entity/Q75690624,http://www.wikidata.org/entity/Q75690619,http://www.wikidata.org/entity/Q75690617,
http://www.wikidata.org/entity/Q85853595,http://www.wikidata.org/entity/Q1535766,,
http://www.wikidata.org/entity/Q3086459,http://www.wikidata.org/entity/Q3370985,http://www.wikidata.org/entity/Q58468244,
http://www.wikidata.org/entity/Q95963245,http://www.wikidata.org/entity/Q105082335,,
http://www.wikidata.org/entity/Q3165577,http://www.wikidata.org/entity/Q3069126,http://www.wikidata.org/entity/Q2960946,
http://www.wikidata.org/entity/Q3384096,http://www.wikidata.org/entity/Q274947,,
http://www.wikidata.org/entity/Q6438366,http://www.wikidata.org/entity/Q102364178,,
http://www.wikidata.org/entity/Q7920801,http://www.wikidata.org/entity/Q5542127,,
http://www.wikidata.org/entity/Q2861626,,http://www.wikidata.org/entity/Q111668801,
http://www.wikidata.org/entity/Q3382669,http://www.wikidata.org/entity/Q3454396,,
http://www.wikidata.org/entity/Q24007468,http://www.wikidata.org/entity/Q101676127,http://www.wikidata.org/entity/Q101676386,
http://www.wikidata.org/entity/Q3167629,http://www.wikidata.org/entity/Q2958855,,
http://www.wikidata.org/entity/Q75915599,http://www.wikidata.org/entity/Q75915595,http://www.wikidata.org/entity/Q75915597,
http://www.wikidata.org/entity/Q3058987,http://www.wikidata.org/entity/Q3300429,http://www.wikidata.org/entity/Q3295202,
http://www.wikidata.org/entity/Q7814806,http://www.wikidata.org/entity/Q124317077,,
http://www.wikidata.org/entity/Q21104194,http://www.wikidata.org/entity/Q125741893,,
http://www.wikidata.org/entity/Q22212258,http://www.wikidata.org/entity/Q3300831,,
http://www.wikidata.org/entity/Q50308772,http://www.wikidata.org/entity/Q1712250,,
http://www.wikidata.org/entity/Q3290526,http://www.wikidata.org/entity/Q6143234,http://www.wikidata.org/entity/Q76188917,
http://www.wikidata.org/entity/Q234471,http://www.wikidata.org/entity/Q111507128,,
http://www.wikidata.org/entity/Q386744,,http://www.wikidata.org/entity/Q98593309,
http://www.wikidata.org/entity/Q2978381,,http://www.wikidata.org/entity/Q7799899,
http://www.wikidata.org/entity/Q54806724,http://www.wikidata.org/entity/Q51719622,,
http://www.wikidata.org/entity/Q55219044,http://www.wikidata.org/entity/Q7139716,http://www.wikidata.org/entity/Q52450651,
http://www.wikidata.org/entity/Q975470,http://www.wikidata.org/entity/Q94659688,,
http://www.wikidata.org/entity/Q270664,,http://www.wikidata.org/entity/Q6808887,
http://www.wikidata.org/entity/Q72171016,http://www.wikidata.org/entity/Q2958855,,
http://www.wikidata.org/entity/Q6196669,http://www.wikidata.org/entity/Q6113925,,
http://www.wikidata.org/entity/Q84495553,,http://www.wikidata.org/entity/Q90305442,
http://www.wikidata.org/entity/Q3553399,http://www.wikidata.org/entity/Q16011015,,
http://www.wikidata.org/entity/Q3286448,http://www.wikidata.org/entity/Q680374,http://www.wikidata.org/entity/Q28863264,
http://www.wikidata.org/entity/Q2960328,http://www.wikidata.org/entity/Q3387121,http://www.wikidata.org/entity/Q3311467,
http://www.wikidata.org/entity/Q3187961,http://www.wikidata.org/entity/Q4910631,http://www.wikidata.org/entity/Q588212,
http://www.wikidata.org/entity/Q56479096,http://www.wikidata.org/entity/Q56284913,,
http://www.wikidata.org/entity/Q77112,http://www.wikidata.org/entity/Q17484921,http://www.wikidata.org/entity/Q17484925,
http://www.wikidata.org/entity/Q40991161,http://www.wikidata.org/entity/Q26997901,,
http://www.wikidata.org/entity/Q28935888,http://www.wikidata.org/entity/Q122346588,,
http://www.wikidata.org/entity/Q113154370,http://www.wikidata.org/entity/Q7139716,http://www.wikidata.org/entity/Q52450651,
http://www.wikidata.org/entity/Q125888229,http://www.wikidata.org/entity/Q5081998,,
http://www.wikidata.org/entity/Q28335055,,http://www.wikidata.org/entity/Q6187788,
http://www.wikidata.org/entity/Q96279127,,http://www.wikidata.org/entity/Q61483515,
http://www.wikidata.org/entity/Q3309553,http://www.wikidata.org/entity/Q3384872,,
http://www.wikidata.org/entity/Q6138963,http://www.wikidata.org/entity/Q6256219,,
http://www.wikidata.org/entity/Q6217965,http://www.wikidata.org/entity/Q6256219,,
http://www.wikidata.org/entity/Q3369895,http://www.wikidata.org/entity/Q6103868,,
http://www.wikidata.org/entity/Q2865163,http://www.wikidata.org/entity/Q1738850,,
http://www.wikidata.org/entity/Q27929490,http://www.wikidata.org/entity/Q3124190,,
http://www.wikidata.org/entity/Q1393455,http://www.wikidata.org/entity/Q3124221,,
http://www.wikidata.org/entity/Q2906950,http://www.wikidata.org/entity/Q107183733,http://www.wikidata.org/entity/Q51457100,
http://www.wikidata.org/entity/Q4105474,http://www.wikidata.org/entity/Q110721277,http://www.wikidata.org/entity/Q110721347,
http://www.wikidata.org/entity/Q2977578,http://www.wikidata.org/entity/Q67203966,,
http://www.wikidata.org/entity/Q273232,http://www.wikidata.org/entity/Q1475958,,
http://www.wikidata.org/entity/Q572673,http://www.wikidata.org/entity/Q290808,,
http://www.wikidata.org/entity/Q16018830,http://www.wikidata.org/entity/Q7361290,,
http://www.wikidata.org/entity/Q12098654,http://www.wikidata.org/entity/Q12098655,,
http://www.wikidata.org/entity/Q12374353,,http://www.wikidata.org/entity/Q12363966,
http://www.wikidata.org/entity/Q134397037,http://www.wikidata.org/entity/Q27178338,,
http://www.wikidata.org/entity/Q55219188,http://www.wikidata.org/entity/Q2909869,,
http://www.wikidata.org/entity/Q63644965,http://www.wikidata.org/entity/Q124877269,,
http://www.wikidata.org/entity/Q22003682,http://www.wikidata.org/entity/Q88091373,http://www.wikidata.org/entity/Q90405635,
http://www.wikidata.org/entity/Q136361369,http://www.wikidata.org/entity/Q5487032,http://www.wikidata.org/entity/Q136883303,
http://www.wikidata.org/entity/Q16266379,http://www.wikidata.org/entity/Q2935042,,
http://www.wikidata.org/entity/Q328699,http://www.wikidata.org/entity/Q711851,http://www.wikidata.org/entity/Q3461581,
http://www.wikidata.org/entity/Q14954699,http://www.wikidata.org/entity/Q6128521,,
http://www.wikidata.org/entity/Q234819,http://www.wikidata.org/entity/Q113810105,,
http://www.wikidata.org/entity/Q11286493,http://www.wikidata.org/entity/Q96240517,,
http://www.wikidata.org/entity/Q130559395,http://www.wikidata.org/entity/Q130580934,http://www.wikidata.org/entity/Q130580947,
http://www.wikidata.org/entity/Q311757,,http://www.wikidata.org/entity/Q128314028,
http://www.wikidata.org/entity/Q3288904,http://www.wikidata.org/entity/Q59783478,,
http://www.wikidata.org/entity/Q3181400,http://www.wikidata.org/entity/Q1738850,,
http://www.wikidata.org/entity/Q81936530,http://www.wikidata.org/entity/Q3438305,,
http://www.wikidata.org/entity/Q98111406,http://www.wikidata.org/entity/Q39059853,http://www.wikidata.org/entity/Q68329793,
http://www.wikidata.org/entity/Q67153065,http://www.wikidata.org/entity/Q128252337,http://www.wikidata.org/entity/Q67153159,
http://www.wikidata.org/entity/Q110720444,http://www.wikidata.org/entity/Q110721277,http://www.wikidata.org/entity/Q110721347,
http://www.wikidata.org/entity/Q360860,http://www.wikidata.org/entity/Q2536629,,
http://www.wikidata.org/entity/Q5640814,http://www.wikidata.org/entity/Q5669992,http://www.wikidata.org/entity/Q107210694,
http://www.wikidata.org/entity/Q133685431,http://www.wikidata.org/entity/Q56260901,,
http://www.wikidata.org/entity/Q1356355,http://www.wikidata.org/entity/Q124218660,http://www.wikidata.org/entity/Q124218674,
http://www.wikidata.org/entity/Q28532875,http://www.wikidata.org/entity/Q27885315,,
http://www.wikidata.org/entity/Q1478418,http://www.wikidata.org/entity/Q123798,,
http://www.wikidata.org/entity/Q2871132,http://www.wikidata.org/entity/Q3069088,,
http://www.wikidata.org/entity/Q1720334,http://www.wikidata.org/entity/Q53319889,,
http://www.wikidata.org/entity/Q16093657,http://www.wikidata.org/entity/Q505528,http://www.wikidata.org/entity/Q56461769,
http://www.wikidata.org/entity/Q28341292,,http://www.wikidata.org/entity/Q6187788,
http://www.wikidata.org/entity/Q55383635,http://www.wikidata.org/entity/Q1627198,,
http://www.wikidata.org/entity/Q12789146,,http://www.wikidata.org/entity/Q124367244,
http://www.wikidata.org/entity/Q38031656,http://www.wikidata.org/entity/Q12726364,,
http://www.wikidata.org/entity/Q462656,http://www.wikidata.org/entity/Q5345183,,
http://www.wikidata.org/entity/Q6137057,http://www.wikidata.org/entity/Q4685164,http://www.wikidata.org/entity/Q75448843,
http://www.wikidata.org/entity/Q56558721,http://www.wikidata.org/entity/Q6792884,,
http://www.wikidata.org/entity/Q3196315,,http://www.wikidata.org/entity/Q464870,
http://www.wikidata.org/entity/Q16093641,http://www.wikidata.org/entity/Q110520185,,
http://www.wikidata.org/entity/Q110363221,http://www.wikidata.org/entity/Q21506572,,
http://www.wikidata.org/entity/Q135528852,http://www.wikidata.org/entity/Q137737261,,
http://www.wikidata.org/entity/Q2980528,http://www.wikidata.org/entity/Q608283,,
http://www.wikidata.org/entity/Q7790606,http://www.wikidata.org/entity/Q7815963,,
http://www.wikidata.org/entity/Q128543,http://www.wikidata.org/entity/Q96241739,http://www.wikidata.org/entity/Q96241812,
http://www.wikidata.org/entity/Q509426,http://www.wikidata.org/entity/Q6239431,,
http://www.wikidata.org/entity/Q3525034,http://www.wikidata.org/entity/Q2958855,,
http://www.wikidata.org/entity/Q460062,http://www.wikidata.org/entity/Q359653,http://www.wikidata.org/entity/Q106518215,
http://www.wikidata.org/entity/Q9147179,http://www.wikidata.org/entity/Q6440709,http://www.wikidata.org/entity/Q118119112,
http://www.wikidata.org/entity/Q111512487,http://www.wikidata.org/entity/Q5669992,http://www.wikidata.org/entity/Q107210694,
http://www.wikidata.org/entity/Q288974,http://www.wikidata.org/entity/Q60890669,http://www.wikidata.org/entity/Q60890758,
http://www.wikidata.org/entity/Q19831446,http://www.wikidata.org/entity/Q97068692,http://www.wikidata.org/entity/Q97068730,
http://www.wikidata.org/entity/Q19839427,http://www.wikidata.org/entity/Q97068692,http://www.wikidata.org/entity/Q97068730,
http://www.wikidata.org/entity/Q19839428,http://www.wikidata.org/entity/Q97068692,http://www.wikidata.org/entity/Q97068730,
http://www.wikidata.org/entity/Q19839429,http://www.wikidata.org/entity/Q97068692,http://www.wikidata.org/entity/Q97068730,
http://www.wikidata.org/entity/Q19839430,http://www.wikidata.org/entity/Q97068692,http://www.wikidata.org/entity/Q97068730,
http://www.wikidata.org/entity/Q134318268,http://www.wikidata.org/entity/Q27178338,,
http://www.wikidata.org/entity/Q522368,http://www.wikidata.org/entity/Q3188383,,
http://www.wikidata.org/entity/Q1276,http://www.wikidata.org/entity/Q108418474,http://www.wikidata.org/entity/Q108418453,
http://www.wikidata.org/entity/Q7323589,http://www.wikidata.org/entity/Q7326151,,
http://www.wikidata.org/entity/Q50796002,http://www.wikidata.org/entity/Q5167772,,
http://www.wikidata.org/entity/Q6306298,,http://www.wikidata.org/entity/Q134105294,
http://www.wikidata.org/entity/Q116204619,http://www.wikidata.org/entity/Q5487032,http://www.wikidata.org/entity/Q136883303,
http://www.wikidata.org/entity/Q6681380,http://www.wikidata.org/entity/Q2578463,,
http://www.wikidata.org/entity/Q7177392,http://www.wikidata.org/entity/Q4711352,,
http://www.wikidata.org/entity/Q11228680,http://www.wikidata.org/entity/Q2628567,,
http://www.wikidata.org/entity/Q5081408,http://www.wikidata.org/entity/Q5322084,,
http://www.wikidata.org/entity/Q55989005,http://www.wikidata.org/entity/Q3172398,,
http://www.wikidata.org/entity/Q6360638,http://www.wikidata.org/entity/Q129022701,,
http://www.wikidata.org/entity/Q1622821,http://www.wikidata.org/entity/Q28051609,,
http://www.wikidata.org/entity/Q3130990,http://www.wikidata.org/entity/Q3345812,,
http://www.wikidata.org/entity/Q7146291,http://www.wikidata.org/entity/Q75769861,http://www.wikidata.org/entity/Q75769866,
http://www.wikidata.org/entity/Q103784,http://www.wikidata.org/entity/Q96241575,http://www.wikidata.org/entity/Q96241590,
http://www.wikidata.org/entity/Q47487432,http://www.wikidata.org/entity/Q75350817,,
http://www.wikidata.org/entity/Q64868699,http://www.wikidata.org/entity/Q497186,,
http://www.wikidata.org/entity/Q9385301,http://www.wikidata.org/entity/Q8017050,,
http://www.wikidata.org/entity/Q19958543,http://www.wikidata.org/entity/Q3124221,,
http://www.wikidata.org/entity/Q3172993,http://www.wikidata.org/entity/Q2864956,,
http://www.wikidata.org/entity/Q103582057,http://www.wikidata.org/entity/Q105082335,,
http://www.wikidata.org/entity/Q82555974,,http://www.wikidata.org/entity/Q6187788,
http://www.wikidata.org/entity/Q6555582,http://www.wikidata.org/entity/Q934093,,
http://www.wikidata.org/entity/Q16019415,http://www.wikidata.org/entity/Q5130256,,
http://www.wikidata.org/entity/Q55670678,http://www.wikidata.org/entity/Q121775357,,
http://www.wikidata.org/entity/Q2414267,http://www.wikidata.org/entity/Q98492493,,
http://www.wikidata.org/entity/Q2837024,http://www.wikidata.org/entity/Q97068756,http://www.wikidata.org/entity/Q97068786,
http://www.wikidata.org/entity/Q55724334,http://www.wikidata.org/entity/Q3425984,,
http://www.wikidata.org/entity/Q7365347,http://www.wikidata.org/entity/Q3359196,,
http://www.wikidata.org/entity/Q1028366,http://www.wikidata.org/entity/Q1028369,,
http://www.wikidata.org/entity/Q12359182,http://www.wikidata.org/entity/Q16406564,,
http://www.wikidata.org/entity/Q3384296,http://www.wikidata.org/entity/Q2834472,,
http://www.wikidata.org/entity/Q3856141,http://www.wikidata.org/entity/Q75342832,http://www.wikidata.org/entity/Q75877592,
http://www.wikidata.org/entity/Q6223110,http://www.wikidata.org/entity/Q4756416,,
http://www.wikidata.org/entity/Q75393355,http://www.wikidata.org/entity/Q6104563,,
http://www.wikidata.org/entity/Q124453947,http://www.wikidata.org/entity/Q124452711,,
http://www.wikidata.org/entity/Q311793,http://www.wikidata.org/entity/Q450229,http://www.wikidata.org/entity/Q47485791,
http://www.wikidata.org/entity/Q3386411,http://www.wikidata.org/entity/Q67122701,,
http://www.wikidata.org/entity/Q5387118,http://www.wikidata.org/entity/Q106919075,http://www.wikidata.org/entity/Q106919076,
http://www.wikidata.org/entity/Q16104629,http://www.wikidata.org/entity/Q15497637,,
http://www.wikidata.org/entity/Q41031189,http://www.wikidata.org/entity/Q41037724,http://www.wikidata.org/entity/Q41039978,
http://www.wikidata.org/entity/Q6833553,http://www.wikidata.org/entity/Q7968982,,
http://www.wikidata.org/entity/Q1379351,http://www.wikidata.org/entity/Q518550,,
http://www.wikidata.org/entity/Q5444043,http://www.wikidata.org/entity/Q129637615,,
http://www.wikidata.org/entity/Q3182811,http://www.wikidata.org/entity/Q4722705,http://www.wikidata.org/entity/Q6765184,
http://www.wikidata.org/entity/Q5585159,http://www.wikidata.org/entity/Q5585160,,
http://www.wikidata.org/entity/Q3171273,http://www.wikidata.org/entity/Q136090016,,
http://www.wikidata.org/entity/Q24264621,http://www.wikidata.org/entity/Q24264575,,
http://www.wikidata.org/entity/Q92940391,http://www.wikidata.org/entity/Q5721881,,
http://www.wikidata.org/entity/Q655512,http://www.wikidata.org/entity/Q975940,,
http://www.wikidata.org/entity/Q3288095,http://www.wikidata.org/entity/Q135441218,,
http://www.wikidata.org/entity/Q113575238,http://www.wikidata.org/entity/Q124329537,http://www.wikidata.org/entity/Q124329518,
http://www.wikidata.org/entity/Q19661492,http://www.wikidata.org/entity/Q4723288,,
http://www.wikidata.org/entity/Q116996138,http://www.wikidata.org/entity/Q2958855,,
http://www.wikidata.org/entity/Q26423696,http://www.wikidata.org/entity/Q75444023,http://www.wikidata.org/entity/Q75444028,
http://www.wikidata.org/entity/Q59140764,http://www.wikidata.org/entity/Q24264575,,
http://www.wikidata.org/entity/Q26997727,,http://www.wikidata.org/entity/Q464870,
http://www.wikidata.org/entity/Q2857016,http://www.wikidata.org/entity/Q19960236,http://www.wikidata.org/entity/Q36664447,
http://www.wikidata.org/entity/Q354540,http://www.wikidata.org/entity/Q5079499,,
http://www.wikidata.org/entity/Q128529,http://www.wikidata.org/entity/Q524772,,
http://www.wikidata.org/entity/Q16014886,http://www.wikidata.org/entity/Q111794268,,
http://www.wikidata.org/entity/Q538948,http://www.wikidata.org/entity/Q116013724,http://www.wikidata.org/entity/Q116013799,
http://www.wikidata.org/entity/Q108760624,http://www.wikidata.org/entity/Q45078213,,
http://www.wikidata.org/entity/Q30154976,http://www.wikidata.org/entity/Q16017704,http://www.wikidata.org/entity/Q75586653,
http://www.wikidata.org/entity/Q63213914,http://www.wikidata.org/entity/Q136506174,,
http://www.wikidata.org/entity/Q77126197,http://www.wikidata.org/entity/Q7155491,,
http://www.wikidata.org/entity/Q450945,http://www.wikidata.org/entity/Q59588470,,
http://www.wikidata.org/entity/Q6232176,http://www.wikidata.org/entity/Q3181008,,
http://www.wikidata.org/entity/Q236482,http://www.wikidata.org/entity/Q8017050,,
http://www.wikidata.org/entity/Q6832793,http://www.wikidata.org/entity/Q7781918,http://www.wikidata.org/entity/Q76250077,
http://www.wikidata.org/entity/Q23762064,http://www.wikidata.org/entity/Q7360409,http://www.wikidata.org/entity/Q76073318,
http://www.wikidata.org/entity/Q3014159,http://www.wikidata.org/entity/Q774447,,
http://www.wikidata.org/entity/Q3372261,http://www.wikidata.org/entity/Q3301449,,
http://www.wikidata.org/entity/Q1163898,http://www.wikidata.org/entity/Q1163896,,
http://www.wikidata.org/entity/Q6297475,http://www.wikidata.org/entity/Q137699632,,
http://www.wikidata.org/entity/Q183492,http://www.wikidata.org/entity/Q55626132,,
http://www.wikidata.org/entity/Q4911496,http://www.wikidata.org/entity/Q19560100,,
http://www.wikidata.org/entity/Q124218654,,http://www.wikidata.org/entity/Q3106741,
http://www.wikidata.org/entity/Q25350540,http://www.wikidata.org/entity/Q8003476,,
http://www.wikidata.org/entity/Q2095997,http://www.wikidata.org/entity/Q1400508,,
http://www.wikidata.org/entity/Q4959742,http://www.wikidata.org/entity/Q69408806,,
http://www.wikidata.org/entity/Q115019815,,http://www.wikidata.org/entity/Q464236,
http://www.wikidata.org/entity/Q3319618,http://www.wikidata.org/entity/Q3181396,,
http://www.wikidata.org/entity/Q15912667,http://www.wikidata.org/entity/Q5095188,http://www.wikidata.org/entity/Q8274122,
http://www.wikidata.org/entity/Q16751332,http://www.wikidata.org/entity/Q5568881,,
http://www.wikidata.org/entity/Q17485986,http://www.wikidata.org/entity/Q3264840,,
http://www.wikidata.org/entity/Q55950771,http://www.wikidata.org/entity/Q162492,http://www.wikidata.org/entity/Q236705,
http://www.wikidata.org/entity/Q17411184,http://www.wikidata.org/entity/Q720723,http://www.wikidata.org/entity/Q3295147,
http://www.wikidata.org/entity/Q29169111,http://www.wikidata.org/entity/Q910625,,
http://www.wikidata.org/entity/Q61045348,http://www.wikidata.org/entity/Q5605841,,
http://www.wikidata.org/entity/Q6437678,http://www.wikidata.org/entity/Q5300478,,
http://www.wikidata.org/entity/Q17578798,http://www.wikidata.org/entity/Q2351523,http://www.wikidata.org/entity/Q441244,
http://www.wikidata.org/entity/Q15427294,http://www.wikidata.org/entity/Q357502,,
http://www.wikidata.org/entity/Q18637165,http://www.wikidata.org/entity/Q436290,,
http://www.wikidata.org/entity/Q554195,http://www.wikidata.org/entity/Q123505861,,
http://www.wikidata.org/entity/Q179607,http://www.wikidata.org/entity/Q1347506,,
http://www.wikidata.org/entity/Q28672429,http://www.wikidata.org/entity/Q861609,,
http://www.wikidata.org/entity/Q18413276,http://www.wikidata.org/entity/Q1655653,,
http://www.wikidata.org/entity/Q719878,http://www.wikidata.org/entity/Q6833951,,
http://www.wikidata.org/entity/Q1516922,http://www.wikidata.org/entity/Q714025,,
http://www.wikidata.org/entity/Q246404,http://www.wikidata.org/entity/Q433570,,
http://www.wikidata.org/entity/Q2114235,http://www.wikidata.org/entity/Q64138375,,
http://www.wikidata.org/entity/Q18379102,http://www.wikidata.org/entity/Q352406,,
http://www.wikidata.org/entity/Q552896,,http://www.wikidata.org/entity/Q132098327,
http://www.wikidata.org/entity/Q124216455,http://www.wikidata.org/entity/Q1239496,,
http://www.wikidata.org/entity/Q136172808,http://www.wikidata.org/entity/Q3343845,http://www.wikidata.org/entity/Q3560438,
http://www.wikidata.org/entity/Q3087005,,http://www.wikidata.org/entity/Q3841020,
http://www.wikidata.org/entity/Q105754574,http://www.wikidata.org/entity/Q6276882,http://www.wikidata.org/entity/Q100378079,
http://www.wikidata.org/entity/Q6379424,http://www.wikidata.org/entity/Q430806,,
http://www.wikidata.org/entity/Q62009054,http://www.wikidata.org/entity/Q32055,http://www.wikidata.org/entity/Q3144816,
http://www.wikidata.org/entity/Q5110197,http://www.wikidata.org/entity/Q452878,,
http://www.wikidata.org/entity/Q16228124,http://www.wikidata.org/entity/Q835920,,
http://www.wikidata.org/entity/Q28042638,http://www.wikidata.org/entity/Q207197,http://www.wikidata.org/entity/Q236409,
http://www.wikidata.org/entity/Q4038571,http://www.wikidata.org/entity/Q49285011,http://www.wikidata.org/entity/Q47537947,
http://www.wikidata.org/entity/Q111434939,http://www.wikidata.org/entity/Q3356437,,
http://www.wikidata.org/entity/Q6451516,http://www.wikidata.org/entity/Q1628734,,
http://www.wikidata.org/entity/Q130549066,http://www.wikidata.org/entity/Q130549055,http://www.wikidata.org/entity/Q128081174,
http://www.wikidata.org/entity/Q23800012,http://www.wikidata.org/entity/Q724725,,
http://www.wikidata.org/entity/Q61659949,http://www.wikidata.org/entity/Q7545169,,
http://www.wikidata.org/entity/Q34977351,http://www.wikidata.org/entity/Q3938462,,
http://www.wikidata.org/entity/Q16225122,http://www.wikidata.org/entity/Q923430,,
http://www.wikidata.org/entity/Q19976971,http://www.wikidata.org/entity/Q1740208,,
http://www.wikidata.org/entity/Q3018515,http://www.wikidata.org/entity/Q3503237,http://www.wikidata.org/entity/Q2846348,
http://www.wikidata.org/entity/Q19577569,http://www.wikidata.org/entity/Q27948948,,
http://www.wikidata.org/entity/Q73631171,http://www.wikidata.org/entity/Q113553635,http://www.wikidata.org/entity/Q111455543,
http://www.wikidata.org/entity/Q522687,,http://www.wikidata.org/entity/Q3841020,
http://www.wikidata.org/entity/Q66305343,http://www.wikidata.org/entity/Q133309195,http://www.wikidata.org/entity/Q133309209,
http://www.wikidata.org/entity/Q18150556,http://www.wikidata.org/entity/Q75852273,http://www.wikidata.org/entity/Q75852272,
http://www.wikidata.org/entity/Q111555471,http://www.wikidata.org/entity/Q5568881,,
http://www.wikidata.org/entity/Q98098332,http://www.wikidata.org/entity/Q313653,,
http://www.wikidata.org/entity/Q111085117,,http://www.wikidata.org/entity/Q72881930,
http://www.wikidata.org/entity/Q24663887,http://www.wikidata.org/entity/Q39503110,http://www.wikidata.org/entity/Q39503265,
http://www.wikidata.org/entity/Q3116624,http://www.wikidata.org/entity/Q430806,,
http://www.wikidata.org/entity/Q3497884,http://www.wikidata.org/entity/Q350132,,
http://www.wikidata.org/entity/Q34086,http://www.wikidata.org/entity/Q27801058,http://www.wikidata.org/entity/Q2368906,
http://www.wikidata.org/entity/Q41719374,http://www.wikidata.org/entity/Q6379920,,
http://www.wikidata.org/entity/Q47472326,http://www.wikidata.org/entity/Q123515907,,
http://www.wikidata.org/entity/Q87292154,http://www.wikidata.org/entity/Q847124,http://www.wikidata.org/entity/Q87292733,
http://www.wikidata.org/entity/Q65512526,http://www.wikidata.org/entity/Q868303,,
http://www.wikidata.org/entity/Q7793819,http://www.wikidata.org/entity/Q138011495,,
http://www.wikidata.org/entity/Q56256814,http://www.wikidata.org/entity/Q484864,http://www.wikidata.org/entity/Q233365,
http://www.wikidata.org/entity/Q3291329,http://www.wikidata.org/entity/Q3387267,,
http://www.wikidata.org/entity/Q16669907,http://www.wikidata.org/entity/Q3164667,,
http://www.wikidata.org/entity/Q13581455,http://www.wikidata.org/entity/Q2549775,,
http://www.wikidata.org/entity/Q102407100,http://www.wikidata.org/entity/Q3441197,,
http://www.wikidata.org/entity/Q137738396,http://www.wikidata.org/entity/Q3385468,,
http://www.wikidata.org/entity/Q25915963,http://www.wikidata.org/entity/Q271952,http://www.wikidata.org/entity/Q7368788,
http://www.wikidata.org/entity/Q13486477,http://www.wikidata.org/entity/Q16197144,,
http://www.wikidata.org/entity/Q17490472,http://www.wikidata.org/entity/Q395274,http://www.wikidata.org/entity/Q275958,
http://www.wikidata.org/entity/Q17490475,http://www.wikidata.org/entity/Q395274,http://www.wikidata.org/entity/Q275958,
http://www.wikidata.org/entity/Q4758911,http://www.wikidata.org/entity/Q2351523,http://www.wikidata.org/entity/Q441244,
http://www.wikidata.org/entity/Q13581451,http://www.wikidata.org/entity/Q1365355,,
http://www.wikidata.org/entity/Q80720760,http://www.wikidata.org/entity/Q995059,,
http://www.wikidata.org/entity/Q50841958,http://www.wikidata.org/entity/Q452999,,
http://www.wikidata.org/entity/Q3857337,http://www.wikidata.org/entity/Q16195361,,
http://www.wikidata.org/entity/Q15720895,http://www.wikidata.org/entity/Q5228758,,
http://www.wikidata.org/entity/Q12377250,http://www.wikidata.org/entity/Q124313704,,
http://www.wikidata.org/entity/Q20641534,http://www.wikidata.org/entity/Q3722892,,
http://www.wikidata.org/entity/Q29169105,http://www.wikidata.org/entity/Q910625,,
http://www.wikidata.org/entity/Q16213107,http://www.wikidata.org/entity/Q4908532,,
http://www.wikidata.org/entity/Q111446603,,http://www.wikidata.org/entity/Q9335930,
http://www.wikidata.org/entity/Q97351767,http://www.wikidata.org/entity/Q704140,http://www.wikidata.org/entity/Q5354973,
http://www.wikidata.org/entity/Q929146,,http://www.wikidata.org/entity/Q136130089,
http://www.wikidata.org/entity/Q15952002,http://www.wikidata.org/entity/Q430806,,
http://www.wikidata.org/entity/Q113853138,http://www.wikidata.org/entity/Q548823,,
http://www.wikidata.org/entity/Q18211238,http://www.wikidata.org/entity/Q16197144,,
http://www.wikidata.org/entity/Q47359716,http://www.wikidata.org/entity/Q739886,,
http://www.wikidata.org/entity/Q17180838,http://www.wikidata.org/entity/Q5496056,,
http://www.wikidata.org/entity/Q14614517,http://www.wikidata.org/entity/Q1342533,,
http://www.wikidata.org/entity/Q56010200,http://www.wikidata.org/entity/Q728701,,
http://www.wikidata.org/entity/Q23978041,http://www.wikidata.org/entity/Q1151237,,
http://www.wikidata.org/entity/Q36696969,,http://www.wikidata.org/entity/Q3332886,
http://www.wikidata.org/entity/Q115565374,http://www.wikidata.org/entity/Q203730,http://www.wikidata.org/entity/Q118959374,
http://www.wikidata.org/entity/Q28409380,http://www.wikidata.org/entity/Q15063504,,
http://www.wikidata.org/entity/Q47528066,http://www.wikidata.org/entity/Q357465,,
http://www.wikidata.org/entity/Q67001788,http://www.wikidata.org/entity/Q357468,,
http://www.wikidata.org/entity/Q136323915,http://www.wikidata.org/entity/Q64434928,http://www.wikidata.org/entity/Q135346953,
http://www.wikidata.org/entity/Q102348017,http://www.wikidata.org/entity/Q2829735,,
http://www.wikidata.org/entity/Q15059438,http://www.wikidata.org/entity/Q111456189,,
http://www.wikidata.org/entity/Q131459596,http://www.wikidata.org/entity/Q6227479,,
http://www.wikidata.org/entity/Q28077376,http://www.wikidata.org/entity/Q3503237,http://www.wikidata.org/entity/Q2846348,
http://www.wikidata.org/entity/Q1139898,http://www.wikidata.org/entity/Q76284305,http://www.wikidata.org/entity/Q76284304,
http://www.wikidata.org/entity/Q79853239,http://www.wikidata.org/entity/Q3183243,,
http://www.wikidata.org/entity/Q97819891,,http://www.wikidata.org/entity/Q15944740,
http://www.wikidata.org/entity/Q58642255,http://www.wikidata.org/entity/Q484864,http://www.wikidata.org/entity/Q233365,
http://www.wikidata.org/entity/Q81443953,,http://www.wikidata.org/entity/Q56583457,
http://www.wikidata.org/entity/Q63079955,http://www.wikidata.org/entity/Q1347506,,
http://www.wikidata.org/entity/Q24007612,,http://www.wikidata.org/entity/Q12365059,
http://www.wikidata.org/entity/Q135435833,http://www.wikidata.org/entity/Q56086658,http://www.wikidata.org/entity/Q6761694,
http://www.wikidata.org/entity/Q104538534,http://www.wikidata.org/entity/Q350132,,
http://www.wikidata.org/entity/Q123556215,http://www.wikidata.org/entity/Q3801343,,
http://www.wikidata.org/entity/Q21622248,http://www.wikidata.org/entity/Q1342533,,
http://www.wikidata.org/entity/Q51631679,http://www.wikidata.org/entity/Q83186025,,
http://www.wikidata.org/entity/Q61921144,http://www.wikidata.org/entity/Q1135806,,
http://www.wikidata.org/entity/Q134363673,http://www.wikidata.org/entity/Q472045,,
http://www.wikidata.org/entity/Q16240150,http://www.wikidata.org/entity/Q3176452,,
http://www.wikidata.org/entity/Q58767012,http://www.wikidata.org/entity/Q58813068,,
http://www.wikidata.org/entity/Q130073762,,http://www.wikidata.org/entity/Q435409,
http://www.wikidata.org/entity/Q61103575,,http://www.wikidata.org/entity/Q47538131,
http://www.wikidata.org/entity/Q32860369,,http://www.wikidata.org/entity/Q35121735,
http://www.wikidata.org/entity/Q59504921,http://www.wikidata.org/entity/Q55723659,,
http://www.wikidata.org/entity/Q87770090,,http://www.wikidata.org/entity/Q5053418,
http://www.wikidata.org/entity/Q130739458,http://www.wikidata.org/entity/Q378367,,
http://www.wikidata.org/entity/Q68216354,http://www.wikidata.org/entity/Q113030906,,
http://www.wikidata.org/entity/Q16238921,http://www.wikidata.org/entity/Q24053619,,
http://www.wikidata.org/entity/Q32840045,http://www.wikidata.org/entity/Q120506907,,
http://www.wikidata.org/entity/Q107417379,http://www.wikidata.org/entity/Q4722243,,
http://www.wikidata.org/entity/Q99972776,http://www.wikidata.org/entity/Q3496855,,
http://www.wikidata.org/entity/Q28967469,http://www.wikidata.org/entity/Q1185254,,
http://www.wikidata.org/entity/Q64684785,http://www.wikidata.org/entity/Q5392397,,
http://www.wikidata.org/entity/Q123188530,http://www.wikidata.org/entity/Q123347869,http://www.wikidata.org/entity/Q123348113,
http://www.wikidata.org/entity/Q114597615,http://www.wikidata.org/entity/Q56255408,http://www.wikidata.org/entity/Q50345337,
http://www.wikidata.org/entity/Q105338590,http://www.wikidata.org/entity/Q136530310,,
http://www.wikidata.org/entity/Q5125171,http://www.wikidata.org/entity/Q3090795,,
http://www.wikidata.org/entity/Q116960079,http://www.wikidata.org/entity/Q323076,,
http://www.wikidata.org/entity/Q3856870,http://www.wikidata.org/entity/Q98807694,http://www.wikidata.org/entity/Q98807693,
http://www.wikidata.org/entity/Q105070906,http://www.wikidata.org/entity/Q117074497,,
http://www.wikidata.org/entity/Q117280682,http://www.wikidata.org/entity/Q117280470,http://www.wikidata.org/entity/Q117280650,
http://www.wikidata.org/entity/Q89189272,http://www.wikidata.org/entity/Q101125266,,
http://www.wikidata.org/entity/Q5130288,http://www.wikidata.org/entity/Q6144839,,
http://www.wikidata.org/entity/Q6792884,http://www.wikidata.org/entity/Q1706324,,
http://www.wikidata.org/entity/Q525733,http://www.wikidata.org/entity/Q5344453,,
http://www.wikidata.org/entity/Q359463,http://www.wikidata.org/entity/Q19587062,,
http://www.wikidata.org/entity/Q699156,,http://www.wikidata.org/entity/Q136469758,
http://www.wikidata.org/entity/Q5345183,http://www.wikidata.org/entity/Q125691882,,
http://www.wikidata.org/entity/Q3103891,http://www.wikidata.org/entity/Q21664507,http://www.wikidata.org/entity/Q21556864,
http://www.wikidata.org/entity/Q6130958,http://www.wikidata.org/entity/Q98105833,,
http://www.wikidata.org/entity/Q6174870,http://www.wikidata.org/entity/Q8836735,,
http://www.wikidata.org/entity/Q4815644,http://www.wikidata.org/entity/Q66011744,http://www.wikidata.org/entity/Q75759976,
http://www.wikidata.org/entity/Q722308,http://www.wikidata.org/entity/Q113506148,http://www.wikidata.org/entity/Q113506152,
http://www.wikidata.org/entity/Q4274902,http://www.wikidata.org/entity/Q75281293,http://www.wikidata.org/entity/Q75281294,
http://www.wikidata.org/entity/Q1873377,http://www.wikidata.org/entity/Q1707064,,
http://www.wikidata.org/entity/Q16735209,http://www.wikidata.org/entity/Q452282,,
http://www.wikidata.org/entity/Q5387347,http://www.wikidata.org/entity/Q7349213,,
http://www.wikidata.org/entity/Q4994357,http://www.wikidata.org/entity/Q4994348,,
http://www.wikidata.org/entity/Q75585583,http://www.wikidata.org/entity/Q75585578,http://www.wikidata.org/entity/Q75585581,
http://www.wikidata.org/entity/Q930085,http://www.wikidata.org/entity/Q8018081,http://www.wikidata.org/entity/Q130217023,
http://www.wikidata.org/entity/Q7796192,http://www.wikidata.org/entity/Q2665846,,
http://www.wikidata.org/entity/Q23615571,http://www.wikidata.org/entity/Q2865196,,
http://www.wikidata.org/entity/Q106919075,http://www.wikidata.org/entity/Q16023273,http://www.wikidata.org/entity/Q106919077,
http://www.wikidata.org/entity/Q249436,http://www.wikidata.org/entity/Q124877269,,
http://www.wikidata.org/entity/Q4691268,http://www.wikidata.org/entity/Q17421282,,
http://www.wikidata.org/entity/Q31834952,http://www.wikidata.org/entity/Q24264708,,
http://www.wikidata.org/entity/Q75585633,http://www.wikidata.org/entity/Q75585578,http://www.wikidata.org/entity/Q75585581,
http://www.wikidata.org/entity/Q85097574,http://www.wikidata.org/entity/Q6698758,,
http://www.wikidata.org/entity/Q136090137,http://www.wikidata.org/entity/Q100710216,,
http://www.wikidata.org/entity/Q64174305,http://www.wikidata.org/entity/Q114020235,,
http://www.wikidata.org/entity/Q2959240,http://www.wikidata.org/entity/Q30224374,,
http://www.wikidata.org/entity/Q7087148,,http://www.wikidata.org/entity/Q104551302,
http://www.wikidata.org/entity/Q5539517,http://www.wikidata.org/entity/Q5545105,,
http://www.wikidata.org/entity/Q274423,http://www.wikidata.org/entity/Q11801444,,
http://www.wikidata.org/entity/Q5487032,http://www.wikidata.org/entity/Q136914506,http://www.wikidata.org/entity/Q136914571,
http://www.wikidata.org/entity/Q4256600,http://www.wikidata.org/entity/Q510930,http://www.wikidata.org/entity/Q16705632,
http://www.wikidata.org/entity/Q95019,http://www.wikidata.org/entity/Q66011744,http://www.wikidata.org/entity/Q75759976,
http://www.wikidata.org/entity/Q5489712,http://www.wikidata.org/entity/Q135921418,,
http://www.wikidata.org/entity/Q2371885,http://www.wikidata.org/entity/Q27924738,,
http://www.wikidata.org/entity/Q5473707,http://www.wikidata.org/entity/Q4502692,,
http://www.wikidata.org/entity/Q59780038,http://www.wikidata.org/entity/Q23583210,,
http://www.wikidata.org/entity/Q75585588,http://www.wikidata.org/entity/Q3184437,,
http://www.wikidata.org/entity/Q124626063,http://www.wikidata.org/entity/Q1770738,http://www.wikidata.org/entity/Q27971921,
http://www.wikidata.org/entity/Q5489940,http://www.wikidata.org/entity/Q5489748,,
http://www.wikidata.org/entity/Q6686506,http://www.wikidata.org/entity/Q5074755,,
http://www.wikidata.org/entity/Q63986119,http://www.wikidata.org/entity/Q5542007,http://www.wikidata.org/entity/Q96080389,
http://www.wikidata.org/entity/Q129746,http://www.wikidata.org/entity/Q75302167,,
http://www.wikidata.org/entity/Q3167670,http://www.wikidata.org/entity/Q3185004,,
http://www.wikidata.org/entity/Q53857731,http://www.wikidata.org/entity/Q53710074,,
http://www.wikidata.org/entity/Q6166940,http://www.wikidata.org/entity/Q6285607,,
http://www.wikidata.org/entity/Q2830806,http://www.wikidata.org/entity/Q3295610,,
http://www.wikidata.org/entity/Q7326151,http://www.wikidata.org/entity/Q4764149,,
http://www.wikidata.org/entity/Q27966411,http://www.wikidata.org/entity/Q15996907,,
http://www.wikidata.org/entity/Q47396307,http://www.wikidata.org/entity/Q1597705,http://www.wikidata.org/entity/Q75726130,
http://www.wikidata.org/entity/Q136090016,http://www.wikidata.org/entity/Q136090025,,
http://www.wikidata.org/entity/Q75585590,http://www.wikidata.org/entity/Q75585578,http://www.wikidata.org/entity/Q75585581,
http://www.wikidata.org/entity/Q75511442,http://www.wikidata.org/entity/Q75511400,http://www.wikidata.org/entity/Q75511404,
http://www.wikidata.org/entity/Q8006506,http://www.wikidata.org/entity/Q5497710,,
http://www.wikidata.org/entity/Q214206,http://www.wikidata.org/entity/Q109245454,,
http://www.wikidata.org/entity/Q5162484,http://www.wikidata.org/entity/Q1706324,,
http://www.wikidata.org/entity/Q5081364,http://www.wikidata.org/entity/Q26720366,,
http://www.wikidata.org/entity/Q106755435,http://www.wikidata.org/entity/Q101124560,,
http://www.wikidata.org/entity/Q3440575,http://www.wikidata.org/entity/Q1471603,,
http://www.wikidata.org/entity/Q134989799,http://www.wikidata.org/entity/Q3184183,,
http://www.wikidata.org/entity/Q359653,http://www.wikidata.org/entity/Q106518216,http://www.wikidata.org/entity/Q106518217,
http://www.wikidata.org/entity/Q124452711,http://www.wikidata.org/entity/Q2384409,,
http://www.wikidata.org/entity/Q1911445,http://www.wikidata.org/entity/Q100696803,,
http://www.wikidata.org/entity/Q579599,http://www.wikidata.org/entity/Q26989050,,
http://www.wikidata.org/entity/Q2178649,http://www.wikidata.org/entity/Q1707064,,
http://www.wikidata.org/entity/Q2934868,http://www.wikidata.org/entity/Q2871077,,
http://www.wikidata.org/entity/Q49039,,http://www.wikidata.org/entity/Q5702413,
http://www.wikidata.org/entity/Q20811061,http://www.wikidata.org/entity/Q6775798,,
http://www.wikidata.org/entity/Q3580017,http://www.wikidata.org/entity/Q2420578,,
http://www.wikidata.org/entity/Q1802631,http://www.wikidata.org/entity/Q1707064,,
http://www.wikidata.org/entity/Q108752442,http://www.wikidata.org/entity/Q135968807,,
http://www.wikidata.org/entity/Q59783499,http://www.wikidata.org/entity/Q2857120,,
http://www.wikidata.org/entity/Q5591278,http://www.wikidata.org/entity/Q2983067,,
http://www.wikidata.org/entity/Q6721448,http://www.wikidata.org/entity/Q13490065,http://www.wikidata.org/entity/Q94652699,
http://www.wikidata.org/entity/Q1267355,http://www.wikidata.org/entity/Q6503815,,
http://www.wikidata.org/entity/Q3383123,http://www.wikidata.org/entity/Q3382990,,
http://www.wikidata.org/entity/Q7781918,http://www.wikidata.org/entity/Q128645,http://www.wikidata.org/entity/Q6077704,
http://www.wikidata.org/entity/Q5585276,http://www.wikidata.org/entity/Q8013242,,
http://www.wikidata.org/entity/Q135916725,http://www.wikidata.org/entity/Q104908141,,
http://www.wikidata.org/entity/Q102024639,http://www.wikidata.org/entity/Q3383084,,
http://www.wikidata.org/entity/Q3471229,,http://www.wikidata.org/entity/Q134280555,
http://www.wikidata.org/entity/Q83493485,http://www.wikidata.org/entity/Q3130733,,
http://www.wikidata.org/entity/Q89372351,http://www.wikidata.org/entity/Q46999588,,
http://www.wikidata.org/entity/Q954053,http://www.wikidata.org/entity/Q124877269,,
http://www.wikidata.org/entity/Q3431574,http://www.wikidata.org/entity/Q2444461,,
http://www.wikidata.org/entity/Q6759134,http://www.wikidata.org/entity/Q75327687,http://www.wikidata.org/entity/Q75327883,
http://www.wikidata.org/entity/Q1066149,http://www.wikidata.org/entity/Q132646683,,
http://www.wikidata.org/entity/Q7274116,http://www.wikidata.org/entity/Q2865068,,
http://www.wikidata.org/entity/Q4771971,http://www.wikidata.org/entity/Q17421282,,
http://www.wikidata.org/entity/Q125499303,http://www.wikidata.org/entity/Q1706324,,
http://www.wikidata.org/entity/Q17496333,http://www.wikidata.org/entity/Q17626479,,
http://www.wikidata.org/entity/Q6796080,http://www.wikidata.org/entity/Q136230358,,
http://www.wikidata.org/entity/Q75585607,http://www.wikidata.org/entity/Q75585578,http://www.wikidata.org/entity/Q75585581,
http://www.wikidata.org/entity/Q76089536,http://www.wikidata.org/entity/Q28081980,http://www.wikidata.org/entity/Q76089535,
http://www.wikidata.org/entity/Q7615944,http://www.wikidata.org/entity/Q4710109,,
http://www.wikidata.org/entity/Q89118840,http://www.wikidata.org/entity/Q56441867,,
http://www.wikidata.org/entity/Q7365096,http://www.wikidata.org/entity/Q75859857,,
http://www.wikidata.org/entity/Q2365586,http://www.wikidata.org/entity/Q3185004,,
http://www.wikidata.org/entity/Q6104563,http://www.wikidata.org/entity/Q4799233,,
http://www.wikidata.org/entity/Q2594246,http://www.wikidata.org/entity/Q2865332,http://www.wikidata.org/entity/Q128297852,
http://www.wikidata.org/entity/Q9354283,http://www.wikidata.org/entity/Q11763937,,
http://www.wikidata.org/entity/Q6686682,http://www.wikidata.org/entity/Q62592638,,
http://www.wikidata.org/entity/Q50170033,http://www.wikidata.org/entity/Q67204126,,
http://www.wikidata.org/entity/Q3127975,http://www.wikidata.org/entity/Q16023273,http://www.wikidata.org/entity/Q106919077,
http://www.wikidata.org/entity/Q5660580,http://www.wikidata.org/entity/Q5394026,,
http://www.wikidata.org/entity/Q5028107,http://www.wikidata.org/entity/Q5136640,http://www.wikidata.org/entity/Q64948319,
http://www.wikidata.org/entity/Q134881876,http://www.wikidata.org/entity/Q4735381,,
http://www.wikidata.org/entity/Q5739755,http://www.wikidata.org/entity/Q94788852,,
http://www.wikidata.org/entity/Q7966252,,http://www.wikidata.org/entity/Q124849974,
http://www.wikidata.org/entity/Q266694,http://www.wikidata.org/entity/Q96288237,http://www.wikidata.org/entity/Q96288238,
http://www.wikidata.org/entity/Q75585568,http://www.wikidata.org/entity/Q3271362,,
http://www.wikidata.org/entity/Q107351527,http://www.wikidata.org/entity/Q62061191,http://www.wikidata.org/entity/Q76226505,
http://www.wikidata.org/entity/Q7330928,http://www.wikidata.org/entity/Q2151219,,
http://www.wikidata.org/entity/Q67153159,http://www.wikidata.org/entity/Q67153154,http://www.wikidata.org/entity/Q128252306,
http://www.wikidata.org/entity/Q136914597,http://www.wikidata.org/entity/Q136914506,http://www.wikidata.org/entity/Q136914571,
http://www.wikidata.org/entity/Q11995598,http://www.wikidata.org/entity/Q16856777,,
http://www.wikidata.org/entity/Q111668801,http://www.wikidata.org/entity/Q111668789,http://www.wikidata.org/entity/Q3588837,
http://www.wikidata.org/entity/Q3168341,http://www.wikidata.org/entity/Q2407277,,
http://www.wikidata.org/entity/Q56576155,http://www.wikidata.org/entity/Q15980340,,
http://www.wikidata.org/entity/Q1520267,http://www.wikidata.org/entity/Q21030697,,
http://www.wikidata.org/entity/Q76067476,http://www.wikidata.org/entity/Q76067474,,
http://www.wikidata.org/entity/Q10961701,http://www.wikidata.org/entity/Q75619362,http://www.wikidata.org/entity/Q75619363,
http://www.wikidata.org/entity/Q4062575,http://www.wikidata.org/entity/Q76257048,http://www.wikidata.org/entity/Q76257049,
http://www.wikidata.org/entity/Q56260901,http://www.wikidata.org/entity/Q53710074,,
http://www.wikidata.org/entity/Q6143234,http://www.wikidata.org/entity/Q76081153,http://www.wikidata.org/entity/Q76099598,
http://www.wikidata.org/entity/Q1699097,http://www.wikidata.org/entity/Q124877269,,
http://www.wikidata.org/entity/Q6796133,http://www.wikidata.org/entity/Q128645,http://www.wikidata.org/entity/Q6077704,
http://www.wikidata.org/entity/Q28076468,http://www.wikidata.org/entity/Q3565743,,
http://www.wikidata.org/entity/Q110906687,http://www.wikidata.org/entity/Q7295408,,
http://www.wikidata.org/entity/Q6245029,http://www.wikidata.org/entity/Q26247352,http://www.wikidata.org/entity/Q26247404,
http://www.wikidata.org/entity/Q59783374,http://www.wikidata.org/entity/Q59783566,,
http://www.wikidata.org/entity/Q16012684,http://www.wikidata.org/entity/Q59783404,,
http://www.wikidata.org/entity/Q472056,http://www.wikidata.org/entity/Q112167671,http://www.wikidata.org/entity/Q122538163,
http://www.wikidata.org/entity/Q5897117,http://www.wikidata.org/entity/Q3140242,,
http://www.wikidata.org/entity/Q1984879,http://www.wikidata.org/entity/Q104677385,,
http://www.wikidata.org/entity/Q12590866,http://www.wikidata.org/entity/Q5079809,,
http://www.wikidata.org/entity/Q75585634,http://www.wikidata.org/entity/Q75585578,http://www.wikidata.org/entity/Q75585581,
http://www.wikidata.org/entity/Q7789859,http://www.wikidata.org/entity/Q7794744,,
http://www.wikidata.org/entity/Q94618329,http://www.wikidata.org/entity/Q4786372,http://www.wikidata.org/entity/Q18922690,
http://www.wikidata.org/entity/Q975940,http://www.wikidata.org/entity/Q6894810,,
http://www.wikidata.org/entity/Q99528916,http://www.wikidata.org/entity/Q3102575,,
http://www.wikidata.org/entity/Q3387121,http://www.wikidata.org/entity/Q8305688,,
http://www.wikidata.org/entity/Q2871945,http://www.wikidata.org/entity/Q119509374,,
http://www.wikidata.org/entity/Q12157839,http://www.wikidata.org/entity/Q2621959,,
http://www.wikidata.org/entity/Q75585611,http://www.wikidata.org/entity/Q75585609,,
http://www.wikidata.org/entity/Q75511446,http://www.wikidata.org/entity/Q75511443,,
http://www.wikidata.org/entity/Q3200809,http://www.wikidata.org/entity/Q111269579,,
http://www.wikidata.org/entity/Q84495814,http://www.wikidata.org/entity/Q54809765,http://www.wikidata.org/entity/Q54809830,
http://www.wikidata.org/entity/Q8022596,,http://www.wikidata.org/entity/Q238041,
http://www.wikidata.org/entity/Q17711635,http://www.wikidata.org/entity/Q91908430,,
http://www.wikidata.org/entity/Q355116,,http://www.wikidata.org/entity/Q101440427,
http://www.wikidata.org/entity/Q236606,http://www.wikidata.org/entity/Q50958817,http://www.wikidata.org/entity/Q4942441,
http://www.wikidata.org/entity/Q18565345,http://www.wikidata.org/entity/Q16398399,,
http://www.wikidata.org/entity/Q999056,http://www.wikidata.org/entity/Q517097,,
http://www.wikidata.org/entity/Q3120225,http://www.wikidata.org/entity/Q1522692,,
http://www.wikidata.org/entity/Q139906,,http://www.wikidata.org/entity/Q7128941,
http://www.wikidata.org/entity/Q6794703,,http://www.wikidata.org/entity/Q4794392,
http://www.wikidata.org/entity/Q2841038,http://www.wikidata.org/entity/Q1320474,,
http://www.wikidata.org/entity/Q116781600,http://www.wikidata.org/entity/Q104709419,,
http://www.wikidata.org/entity/Q44144,http://www.wikidata.org/entity/Q2399793,,
http://www.wikidata.org/entity/Q16671668,http://www.wikidata.org/entity/Q47466005,,
http://www.wikidata.org/entity/Q133266968,http://www.wikidata.org/entity/Q12298562,,
http://www.wikidata.org/entity/Q16728814,http://www.wikidata.org/entity/Q329124,http://www.wikidata.org/entity/Q117470152,
http://www.wikidata.org/entity/Q1294442,http://www.wikidata.org/entity/Q594644,,
http://www.wikidata.org/entity/Q14645232,,http://www.wikidata.org/entity/Q538948,
http://www.wikidata.org/entity/Q24264609,http://www.wikidata.org/entity/Q76751316,,
http://www.wikidata.org/entity/Q5150226,,http://www.wikidata.org/entity/Q6514469,
http://www.wikidata.org/entity/Q16213612,,http://www.wikidata.org/entity/Q16210192,
http://www.wikidata.org/entity/Q3454392,http://www.wikidata.org/entity/Q3454396,,
http://www.wikidata.org/entity/Q863520,http://www.wikidata.org/entity/Q7801428,,
http://www.wikidata.org/entity/Q22279214,http://www.wikidata.org/entity/Q5043177,,
http://www.wikidata.org/entity/Q342549,http://www.wikidata.org/entity/Q129188034,http://www.wikidata.org/entity/Q128031424,
http://www.wikidata.org/entity/Q172843,http://www.wikidata.org/entity/Q172845,,
http://www.wikidata.org/entity/Q3187509,,http://www.wikidata.org/entity/Q3290618,
http://www.wikidata.org/entity/Q56809006,http://www.wikidata.org/entity/Q6280069,,
http://www.wikidata.org/entity/Q3501986,http://www.wikidata.org/entity/Q132907413,,
http://www.wikidata.org/entity/Q317521,http://www.wikidata.org/entity/Q35723119,http://www.wikidata.org/entity/Q24007468,
http://www.wikidata.org/entity/Q4398694,http://www.wikidata.org/entity/Q2026032,http://www.wikidata.org/entity/Q7453115,
http://www.wikidata.org/entity/Q110436,http://www.wikidata.org/entity/Q112580760,,
http://www.wikidata.org/entity/Q2830854,http://www.wikidata.org/entity/Q3641666,,
http://www.wikidata.org/entity/Q5534231,http://www.wikidata.org/entity/Q5387118,,
http://www.wikidata.org/entity/Q3215817,http://www.wikidata.org/entity/Q53944,http://www.wikidata.org/entity/Q15522089,
http://www.wikidata.org/entity/Q3176414,http://www.wikidata.org/entity/Q7945656,,
http://www.wikidata.org/entity/Q1374123,http://www.wikidata.org/entity/Q74641028,,
http://www.wikidata.org/entity/Q3099714,http://www.wikidata.org/entity/Q8619,http://www.wikidata.org/entity/Q3290526,
http://www.wikidata.org/entity/Q100878547,http://www.wikidata.org/entity/Q93886867,,
http://www.wikidata.org/entity/Q132725745,http://www.wikidata.org/entity/Q100258404,,
http://www.wikidata.org/entity/Q21066965,http://www.wikidata.org/entity/Q16105997,,
http://www.wikidata.org/entity/Q55219273,http://www.wikidata.org/entity/Q55218713,,
http://www.wikidata.org/entity/Q63804745,http://www.wikidata.org/entity/Q3165079,http://www.wikidata.org/entity/Q3242527,
http://www.wikidata.org/entity/Q76293974,http://www.wikidata.org/entity/Q26423696,http://www.wikidata.org/entity/Q76123151,
http://www.wikidata.org/entity/Q106569829,http://www.wikidata.org/entity/Q1491812,http://www.wikidata.org/entity/Q5761100,
http://www.wikidata.org/entity/Q6377984,http://www.wikidata.org/entity/Q124946958,,
http://www.wikidata.org/entity/Q2924474,http://www.wikidata.org/entity/Q7965007,,
http://www.wikidata.org/entity/Q254510,http://www.wikidata.org/entity/Q3339706,http://www.wikidata.org/entity/Q5566101,
http://www.wikidata.org/entity/Q3016176,,http://www.wikidata.org/entity/Q7051687,
http://www.wikidata.org/entity/Q10738,http://www.wikidata.org/entity/Q1356412,http://www.wikidata.org/entity/Q54865172,
http://www.wikidata.org/entity/Q357465,http://www.wikidata.org/entity/Q1187299,,
http://www.wikidata.org/entity/Q3510284,http://www.wikidata.org/entity/Q2848529,,
http://www.wikidata.org/entity/Q3180284,http://www.wikidata.org/entity/Q144622,http://www.wikidata.org/entity/Q76448205,
http://www.wikidata.org/entity/Q2823929,http://www.wikidata.org/entity/Q1276,http://www.wikidata.org/entity/Q29168654,
http://www.wikidata.org/entity/Q6409751,http://www.wikidata.org/entity/Q35723119,http://www.wikidata.org/entity/Q24007468,
http://www.wikidata.org/entity/Q66105356,http://www.wikidata.org/entity/Q3158579,http://www.wikidata.org/entity/Q3263762,
http://www.wikidata.org/entity/Q124258591,http://www.wikidata.org/entity/Q119982078,http://www.wikidata.org/entity/Q137478877,
http://www.wikidata.org/entity/Q42888102,http://www.wikidata.org/entity/Q56599225,,
http://www.wikidata.org/entity/Q5518370,http://www.wikidata.org/entity/Q1491812,http://www.wikidata.org/entity/Q5761100,
http://www.wikidata.org/entity/Q7487971,http://www.wikidata.org/entity/Q7821866,,
http://www.wikidata.org/entity/Q6968804,http://www.wikidata.org/entity/Q3165096,,
http://www.wikidata.org/entity/Q1840895,http://www.wikidata.org/entity/Q14949607,,
http://www.wikidata.org/entity/Q4029,http://www.wikidata.org/entity/Q41026710,http://www.wikidata.org/entity/Q41027330,
http://www.wikidata.org/entity/Q16201843,http://www.wikidata.org/entity/Q4764079,,
http://www.wikidata.org/entity/Q613921,http://www.wikidata.org/entity/Q5197306,,
http://www.wikidata.org/entity/Q51337494,http://www.wikidata.org/entity/Q1972182,,
http://www.wikidata.org/entity/Q52636028,,http://www.wikidata.org/entity/Q6179541,
http://www.wikidata.org/entity/Q2833494,http://www.wikidata.org/entity/Q3158348,,
http://www.wikidata.org/entity/Q1069031,http://www.wikidata.org/entity/Q7909476,,
http://www.wikidata.org/entity/Q76181975,http://www.wikidata.org/entity/Q76181965,http://www.wikidata.org/entity/Q76181974,
http://www.wikidata.org/entity/Q192402,http://www.wikidata.org/entity/Q437752,http://www.wikidata.org/entity/Q235084,
http://www.wikidata.org/entity/Q21212659,http://www.wikidata.org/entity/Q13050725,,
http://www.wikidata.org/entity/Q4720909,http://www.wikidata.org/entity/Q8619,http://www.wikidata.org/entity/Q3290526,
http://www.wikidata.org/entity/Q19879701,http://www.wikidata.org/entity/Q55725559,,
http://www.wikidata.org/entity/Q24929850,http://www.wikidata.org/entity/Q2977737,,
http://www.wikidata.org/entity/Q86740406,,http://www.wikidata.org/entity/Q19609629,
http://www.wikidata.org/entity/Q458978,http://www.wikidata.org/entity/Q1396268,,
http://www.wikidata.org/entity/Q3034943,http://www.wikidata.org/entity/Q1508785,,
http://www.wikidata.org/entity/Q30155445,http://www.wikidata.org/entity/Q504722,,
http://www.wikidata.org/entity/Q61901115,,http://www.wikidata.org/entity/Q2821659,
http://www.wikidata.org/entity/Q130742,http://www.wikidata.org/entity/Q97069658,http://www.wikidata.org/entity/Q97069705,
http://www.wikidata.org/entity/Q7959096,http://www.wikidata.org/entity/Q97069658,http://www.wikidata.org/entity/Q97069705,
http://www.wikidata.org/entity/Q3302455,http://www.wikidata.org/entity/Q2847815,,
http://www.wikidata.org/entity/Q21964347,http://www.wikidata.org/entity/Q128563,http://www.wikidata.org/entity/Q3313820,
http://www.wikidata.org/entity/Q102254685,http://www.wikidata.org/entity/Q91985,,
http://www.wikidata.org/entity/Q15820371,http://www.wikidata.org/entity/Q4370869,,
http://www.wikidata.org/entity/Q100233523,http://www.wikidata.org/entity/Q369174,http://www.wikidata.org/entity/Q7493357,
http://www.wikidata.org/entity/Q3183433,http://www.wikidata.org/entity/Q2832162,,
http://www.wikidata.org/entity/Q2568102,http://www.wikidata.org/entity/Q3121662,,
http://www.wikidata.org/entity/Q2368906,http://www.wikidata.org/entity/Q105849434,http://www.wikidata.org/entity/Q105849392,
http://www.wikidata.org/entity/Q3592799,http://www.wikidata.org/entity/Q22667561,,
http://www.wikidata.org/entity/Q27801058,http://www.wikidata.org/entity/Q105849143,,
http://www.wikidata.org/entity/Q75980916,http://www.wikidata.org/entity/Q75334897,http://www.wikidata.org/entity/Q75980907,
http://www.wikidata.org/entity/Q98098468,http://www.wikidata.org/entity/Q5539530,,
http://www.wikidata.org/entity/Q8970414,http://www.wikidata.org/entity/Q311219,,
http://www.wikidata.org/entity/Q5232929,http://www.wikidata.org/entity/Q8619,http://www.wikidata.org/entity/Q3290526,
http://www.wikidata.org/entity/Q3345730,http://www.wikidata.org/entity/Q78935682,,
http://www.wikidata.org/entity/Q121306092,http://www.wikidata.org/entity/Q2265116,http://www.wikidata.org/entity/Q234471,
http://www.wikidata.org/entity/Q7967337,,http://www.wikidata.org/entity/Q6347046,
http://www.wikidata.org/entity/Q6274339,http://www.wikidata.org/entity/Q510654,http://www.wikidata.org/entity/Q467753,
http://www.wikidata.org/entity/Q1523974,http://www.wikidata.org/entity/Q1572645,,
http://www.wikidata.org/entity/Q18393019,http://www.wikidata.org/entity/Q5300579,,
http://www.wikidata.org/entity/Q30942791,http://www.wikidata.org/entity/Q121817007,,
http://www.wikidata.org/entity/Q3473303,,http://www.wikidata.org/entity/Q536603,
http://www.wikidata.org/entity/Q6777029,,http://www.wikidata.org/entity/Q29415230,
http://www.wikidata.org/entity/Q7422266,http://www.wikidata.org/entity/Q3181396,,
http://www.wikidata.org/entity/Q1261877,http://www.wikidata.org/entity/Q56558135,,
http://www.wikidata.org/entity/Q3086801,http://www.wikidata.org/entity/Q98972357,,
http://www.wikidata.org/entity/Q229735,http://www.wikidata.org/entity/Q22002556,http://www.wikidata.org/entity/Q55240927,
http://www.wikidata.org/entity/Q2546628,http://www.wikidata.org/entity/Q16012937,,
http://www.wikidata.org/entity/Q367056,http://www.wikidata.org/entity/Q128563,http://www.wikidata.org/entity/Q3313820,
http://www.wikidata.org/entity/Q8967999,http://www.wikidata.org/entity/Q709317,http://www.wikidata.org/entity/Q15926467,
http://www.wikidata.org/entity/Q106559021,http://www.wikidata.org/entity/Q105604978,,
http://www.wikidata.org/entity/Q236613,http://www.wikidata.org/entity/Q437752,http://www.wikidata.org/entity/Q235084,
http://www.wikidata.org/entity/Q3162900,http://www.wikidata.org/entity/Q5018123,,
http://www.wikidata.org/entity/Q3506869,http://www.wikidata.org/entity/Q3506871,,
http://www.wikidata.org/entity/Q15513946,http://www.wikidata.org/entity/Q5241076,,
http://www.wikidata.org/entity/Q1716611,http://www.wikidata.org/entity/Q144622,http://www.wikidata.org/entity/Q76448205,
http://www.wikidata.org/entity/Q6381268,http://www.wikidata.org/entity/Q5231404,,
http://www.wikidata.org/entity/Q6171992,http://www.wikidata.org/entity/Q69499685,,
http://www.wikidata.org/entity/Q5052592,http://www.wikidata.org/entity/Q128574,http://www.wikidata.org/entity/Q4410540,
http://www.wikidata.org/entity/Q21160212,http://www.wikidata.org/entity/Q3535025,,
http://www.wikidata.org/entity/Q28062436,,http://www.wikidata.org/entity/Q2975108,
http://www.wikidata.org/entity/Q3417311,http://www.wikidata.org/entity/Q3102099,,
http://www.wikidata.org/entity/Q84495758,http://www.wikidata.org/entity/Q87610153,,
http://www.wikidata.org/entity/Q3473404,,http://www.wikidata.org/entity/Q3051146,
http://www.wikidata.org/entity/Q3051124,http://www.wikidata.org/entity/Q3084764,,
http://www.wikidata.org/entity/Q3370924,http://www.wikidata.org/entity/Q4908532,,
http://www.wikidata.org/entity/Q600748,http://www.wikidata.org/entity/Q1094754,,
http://www.wikidata.org/entity/Q3495414,http://www.wikidata.org/entity/Q76342984,,
http://www.wikidata.org/entity/Q76843455,http://www.wikidata.org/entity/Q76847368,,
http://www.wikidata.org/entity/Q322278,http://www.wikidata.org/entity/Q7051467,,
http://www.wikidata.org/entity/Q6126874,,http://www.wikidata.org/entity/Q5727455,
http://www.wikidata.org/entity/Q75377304,http://www.wikidata.org/entity/Q75377302,http://www.wikidata.org/entity/Q75377303,
http://www.wikidata.org/entity/Q3950325,http://www.wikidata.org/entity/Q46455881,http://www.wikidata.org/entity/Q76160955,
http://www.wikidata.org/entity/Q3142469,,http://www.wikidata.org/entity/Q121470332,
http://www.wikidata.org/entity/Q2406622,http://www.wikidata.org/entity/Q5238408,,
http://www.wikidata.org/entity/Q7929642,http://www.wikidata.org/entity/Q107296350,http://www.wikidata.org/entity/Q107296378,
http://www.wikidata.org/entity/Q1710153,http://www.wikidata.org/entity/Q247524,,
http://www.wikidata.org/entity/Q314502,http://www.wikidata.org/entity/Q380272,http://www.wikidata.org/entity/Q26720312,
http://www.wikidata.org/entity/Q2934896,http://www.wikidata.org/entity/Q3293410,,
http://www.wikidata.org/entity/Q63323716,http://www.wikidata.org/entity/Q63332841,,
http://www.wikidata.org/entity/Q7301668,http://www.wikidata.org/entity/Q2903125,,
http://www.wikidata.org/entity/Q75724501,http://www.wikidata.org/entity/Q75724494,http://www.wikidata.org/entity/Q75724497,
http://www.wikidata.org/entity/Q2842824,http://www.wikidata.org/entity/Q16105446,http://www.wikidata.org/entity/Q16105063,
http://www.wikidata.org/entity/Q2283513,http://www.wikidata.org/entity/Q76173324,http://www.wikidata.org/entity/Q76346243,
http://www.wikidata.org/entity/Q3193323,http://www.wikidata.org/entity/Q3574167,,
http://www.wikidata.org/entity/Q771878,http://www.wikidata.org/entity/Q2967611,,
http://www.wikidata.org/entity/Q1036131,http://www.wikidata.org/entity/Q15455462,,
http://www.wikidata.org/entity/Q113823392,,http://www.wikidata.org/entity/Q6900347,
http://www.wikidata.org/entity/Q26173,http://www.wikidata.org/entity/Q108798350,,
http://www.wikidata.org/entity/Q455160,http://www.wikidata.org/entity/Q75724494,http://www.wikidata.org/entity/Q75724497,
http://www.wikidata.org/entity/Q75724499,http://www.wikidata.org/entity/Q75724494,http://www.wikidata.org/entity/Q75724497,
http://www.wikidata.org/entity/Q108650405,http://www.wikidata.org/entity/Q936763,,
http://www.wikidata.org/entity/Q435183,http://www.wikidata.org/entity/Q3510050,http://www.wikidata.org/entity/Q3311613,
http://www.wikidata.org/entity/Q3367236,http://www.wikidata.org/entity/Q3310496,,
http://www.wikidata.org/entity/Q1618040,http://www.wikidata.org/entity/Q113530799,,
http://www.wikidata.org/entity/Q7384074,http://www.wikidata.org/entity/Q16238859,,
http://www.wikidata.org/entity/Q3442834,http://www.wikidata.org/entity/Q103784,http://www.wikidata.org/entity/Q534966,
http://www.wikidata.org/entity/Q75377314,http://www.wikidata.org/entity/Q75377307,http://www.wikidata.org/entity/Q75377309,
http://www.wikidata.org/entity/Q8976004,http://www.wikidata.org/entity/Q5095188,http://www.wikidata.org/entity/Q8274122,
http://www.wikidata.org/entity/Q5585016,http://www.wikidata.org/entity/Q62870,,
http://www.wikidata.org/entity/Q119802649,http://www.wikidata.org/entity/Q887935,,
http://www.wikidata.org/entity/Q958669,http://www.wikidata.org/entity/Q5326459,,
http://www.wikidata.org/entity/Q3591989,http://www.wikidata.org/entity/Q2977054,,
http://www.wikidata.org/entity/Q8067570,http://www.wikidata.org/entity/Q4357888,http://www.wikidata.org/entity/Q6732682,
http://www.wikidata.org/entity/Q234212,http://www.wikidata.org/entity/Q16090504,,
http://www.wikidata.org/entity/Q3498931,http://www.wikidata.org/entity/Q887935,,
http://www.wikidata.org/entity/Q31479526,http://www.wikidata.org/entity/Q2817192,http://www.wikidata.org/entity/Q31480609,
http://www.wikidata.org/entity/Q2845696,http://www.wikidata.org/entity/Q3380161,http://www.wikidata.org/entity/Q3286448,
http://www.wikidata.org/entity/Q296511,http://www.wikidata.org/entity/Q1042824,,
http://www.wikidata.org/entity/Q106676261,http://www.wikidata.org/entity/Q1212694,http://www.wikidata.org/entity/Q112131012,
http://www.wikidata.org/entity/Q48150315,http://www.wikidata.org/entity/Q69499685,,
http://www.wikidata.org/entity/Q5242460,,http://www.wikidata.org/entity/Q236543,
http://www.wikidata.org/entity/Q451957,http://www.wikidata.org/entity/Q5018123,,
http://www.wikidata.org/entity/Q2926848,http://www.wikidata.org/entity/Q16267026,,
http://www.wikidata.org/entity/Q72194331,http://www.wikidata.org/entity/Q205319,,
http://www.wikidata.org/entity/Q6969313,http://www.wikidata.org/entity/Q3025760,,
http://www.wikidata.org/entity/Q6947622,http://www.wikidata.org/entity/Q5257093,http://www.wikidata.org/entity/Q2855296,
http://www.wikidata.org/entity/Q86157610,http://www.wikidata.org/entity/Q91258099,http://www.wikidata.org/entity/Q99670452,
http://www.wikidata.org/entity/Q434244,http://www.wikidata.org/entity/Q6397634,,
http://www.wikidata.org/entity/Q1657079,http://www.wikidata.org/entity/Q110887282,,
http://www.wikidata.org/entity/Q964607,http://www.wikidata.org/entity/Q1239152,http://www.wikidata.org/entity/Q1824955,
http://www.wikidata.org/entity/Q96957809,http://www.wikidata.org/entity/Q219653,http://www.wikidata.org/entity/Q63514190,
http://www.wikidata.org/entity/Q113734427,http://www.wikidata.org/entity/Q65028258,http://www.wikidata.org/entity/Q234709,
http://www.wikidata.org/entity/Q116869826,http://www.wikidata.org/entity/Q192682,http://www.wikidata.org/entity/Q162959,
http://www.wikidata.org/entity/Q129689127,http://www.wikidata.org/entity/Q34086,http://www.wikidata.org/entity/Q20983703,
http://www.wikidata.org/entity/Q2850876,http://www.wikidata.org/entity/Q7453333,,Anne-Marie Losique
http://www.wikidata.org/entity/Q4153228,,http://www.wikidata.org/entity/Q271540,Soo Garay
http://www.wikidata.org/entity/Q4679640,http://www.wikidata.org/entity/Q5543684,,Adam Radwanski
http://www.wikidata.org/entity/Q5111041,http://www.wikidata.org/entity/Q16014886,,Christine Harapiak
http://www.wikidata.org/entity/Q5239748,,http://www.wikidata.org/entity/Q16011985,David Shiner
http://www.wikidata.org/entity/Q5261863,http://www.wikidata.org/entity/Q5261862,,Derek Burney Jr.
http://www.wikidata.org/entity/Q5415299,http://www.wikidata.org/entity/Q5238408,,Evalyn Parry
http://www.wikidata.org/entity/Q5525678,http://www.wikidata.org/entity/Q55831434,,Gary O'
http://www.wikidata.org/entity/Q5536486,http://www.wikidata.org/entity/Q5382254,,George Atwell Cooke
http://www.wikidata.org/entity/Q5729730,http://www.wikidata.org/entity/Q4800645,,Henry W. Tate
http://www.wikidata.org/entity/Q5622410,http://www.wikidata.org/entity/Q3270507,,Q5622410
http://www.wikidata.org/entity/Q6134340,http://www.wikidata.org/entity/Q5992713,,James G. Cockshutt
http://www.wikidata.org/entity/Q6288768,http://www.wikidata.org/entity/Q6829366,,Josh Colle
http://www.wikidata.org/entity/Q6303556,http://www.wikidata.org/entity/Q5322084,,Judith Mappin
http://www.wikidata.org/entity/Q6558167,http://www.wikidata.org/entity/Q16104901,,Lisa LaCroix
http://www.wikidata.org/entity/Q6770245,http://www.wikidata.org/entity/Q1613118,,Mark Waters
http://www.wikidata.org/entity/Q7341348,http://www.wikidata.org/entity/Q7342709,,Robert Adam Campbell
http://www.wikidata.org/entity/Q16729757,http://www.wikidata.org/entity/Q116176608,,Stuart Henderson
http://www.wikidata.org/entity/Q18347508,http://www.wikidata.org/entity/Q3181201,,Christin Carmichael Greb
http://www.wikidata.org/entity/Q20006845,http://www.wikidata.org/entity/Q7291579,,Adriana Maggs
http://www.wikidata.org/entity/Q26247091,http://www.wikidata.org/entity/Q26247053,http://www.wikidata.org/entity/Q26246899,Darren Day
http://www.wikidata.org/entity/Q24264622,http://www.wikidata.org/entity/Q24264660,,Henri Ottawa
http://www.wikidata.org/entity/Q24264623,http://www.wikidata.org/entity/Q62036081,,Isidore Ottawa
http://www.wikidata.org/entity/Q25423516,http://www.wikidata.org/entity/Q4665111,http://www.wikidata.org/entity/Q16047491,Shapour Shahidi
http://www.wikidata.org/entity/Q28414425,http://www.wikidata.org/entity/Q28414424,,Mak Chi-chung
http://www.wikidata.org/entity/Q27733746,http://www.wikidata.org/entity/Q4706792,,Helen Haig-Brown
http://www.wikidata.org/entity/Q28494511,http://www.wikidata.org/entity/Q3380947,http://www.wikidata.org/entity/Q134383905,Philippe de Gaspé Beaubien III
http://www.wikidata.org/entity/Q31834958,http://www.wikidata.org/entity/Q24264573,,Jean-Roch Ottawa
http://www.wikidata.org/entity/Q38590059,http://www.wikidata.org/entity/Q125356226,,Gina S Ogilvie
http://www.wikidata.org/entity/Q46467697,http://www.wikidata.org/entity/Q2847645,http://www.wikidata.org/entity/Q5478272,Olivier Desmarais
http://www.wikidata.org/entity/Q42663682,http://www.wikidata.org/entity/Q6525279,http://www.wikidata.org/entity/Q65115966,Ella Jonas Farlinger
http://www.wikidata.org/entity/Q43379939,http://www.wikidata.org/entity/Q5115453,,Jael Richardson
http://www.wikidata.org/entity/Q46991591,http://www.wikidata.org/entity/Q1138157,,Françoise Jaubert
http://www.wikidata.org/entity/Q54682124,http://www.wikidata.org/entity/Q55567581,http://www.wikidata.org/entity/Q66666820,David Shorthouse
http://www.wikidata.org/entity/Q53568379,http://www.wikidata.org/entity/Q1949140,,Michael Asch
http://www.wikidata.org/entity/Q55724446,http://www.wikidata.org/entity/Q133838072,,Francesca Gee
http://www.wikidata.org/entity/Q55725403,http://www.wikidata.org/entity/Q2417283,http://www.wikidata.org/entity/Q136281752,Isabelle d' Aspremont Lynden
http://www.wikidata.org/entity/Q55725619,http://www.wikidata.org/entity/Q63975624,,Pierre Cornudet
http://www.wikidata.org/entity/Q55194905,http://www.wikidata.org/entity/Q6388561,,Steve Streatch
http://www.wikidata.org/entity/Q55259276,http://www.wikidata.org/entity/Q24264575,,Ernest Ottawa
http://www.wikidata.org/entity/Q55599170,http://www.wikidata.org/entity/Q7608850,,David Campbell
http://www.wikidata.org/entity/Q55138785,http://www.wikidata.org/entity/Q5039874,http://www.wikidata.org/entity/Q65114248,Anong Beam
http://www.wikidata.org/entity/Q56558661,http://www.wikidata.org/entity/Q30303462,,Adrienne Labelle
http://www.wikidata.org/entity/Q57600825,http://www.wikidata.org/entity/Q57617645,,Sandrine Turcotte
http://www.wikidata.org/entity/Q59652510,http://www.wikidata.org/entity/Q7678008,,Hiromi Okuyama
http://www.wikidata.org/entity/Q60734384,,http://www.wikidata.org/entity/Q124047533,Doug Armstrong
http://www.wikidata.org/entity/Q62609744,http://www.wikidata.org/entity/Q3035737,,Dan Boudria
http://www.wikidata.org/entity/Q63126919,http://www.wikidata.org/entity/Q809008,,Lindsay Beyerstein
http://www.wikidata.org/entity/Q64398297,http://www.wikidata.org/entity/Q3385009,,Aube Foglia
http://www.wikidata.org/entity/Q64863391,http://www.wikidata.org/entity/Q3289374,,Jérôme Sabourin
http://www.wikidata.org/entity/Q63323042,http://www.wikidata.org/entity/Q125952916,http://www.wikidata.org/entity/Q125952751,Jethelo E. Cabilete
http://www.wikidata.org/entity/Q65115711,,http://www.wikidata.org/entity/Q73428,Éléonore Lagacé
http://www.wikidata.org/entity/Q65115771,,http://www.wikidata.org/entity/Q3187509,Francine Morand
http://www.wikidata.org/entity/Q65115785,http://www.wikidata.org/entity/Q2847761,http://www.wikidata.org/entity/Q56072567,François P. Forcier
http://www.wikidata.org/entity/Q66371301,http://www.wikidata.org/entity/Q133309195,http://www.wikidata.org/entity/Q133309209,Caira Cresencia-Mills
http://www.wikidata.org/entity/Q66364345,,http://www.wikidata.org/entity/Q66363249,Farrah Prudence
http://www.wikidata.org/entity/Q66730328,http://www.wikidata.org/entity/Q457093,,Lisa Savage
http://www.wikidata.org/entity/Q74032615,http://www.wikidata.org/entity/Q3345812,,Louis Dorion
http://www.wikidata.org/entity/Q75315567,http://www.wikidata.org/entity/Q2832162,,Éloi Painchaud
http://www.wikidata.org/entity/Q75254882,http://www.wikidata.org/entity/Q18529274,http://www.wikidata.org/entity/Q75251673,Margaret Kerr
http://www.wikidata.org/entity/Q72900658,,http://www.wikidata.org/entity/Q77032834,Malcolm Peck-McQueen
http://www.wikidata.org/entity/Q72900658,,http://www.wikidata.org/entity/Q77032851,Malcolm Peck-McQueen
http://www.wikidata.org/entity/Q75624753,http://www.wikidata.org/entity/Q75721072,http://www.wikidata.org/entity/Q75721078,Catherine Collins
http://www.wikidata.org/entity/Q75348183,http://www.wikidata.org/entity/Q75348185,,Michael MacLean
http://www.wikidata.org/entity/Q76112222,http://www.wikidata.org/entity/Q16013562,http://www.wikidata.org/entity/Q15733755,Almas Elman
http://www.wikidata.org/entity/Q78884759,http://www.wikidata.org/entity/Q116910313,,Arturo Nieto-Dorantes
http://www.wikidata.org/entity/Q81525082,,http://www.wikidata.org/entity/Q137942153,Charles Goulet
http://www.wikidata.org/entity/Q86740628,http://www.wikidata.org/entity/Q2884639,,Annie Anowtalik
http://www.wikidata.org/entity/Q83981430,,http://www.wikidata.org/entity/Q546235,Djely Tapa
http://www.wikidata.org/entity/Q84264611,http://www.wikidata.org/entity/Q2847761,http://www.wikidata.org/entity/Q56072567,Renaud Pinet-Forcier
http://www.wikidata.org/entity/Q87150970,http://www.wikidata.org/entity/Q59328338,http://www.wikidata.org/entity/Q87152585,Claude Beaubien
http://www.wikidata.org/entity/Q88637547,http://www.wikidata.org/entity/Q76167175,,Jean Addington
http://www.wikidata.org/entity/Q94545396,http://www.wikidata.org/entity/Q135827296,,Lalou Tisseyre
http://www.wikidata.org/entity/Q97069238,http://www.wikidata.org/entity/Q97069226,http://www.wikidata.org/entity/Q97069228,Louis Fortin
http://www.wikidata.org/entity/Q97069622,http://www.wikidata.org/entity/Q97069625,http://www.wikidata.org/entity/Q97069627,Q97069622
http://www.wikidata.org/entity/Q97265714,http://www.wikidata.org/entity/Q13054480,,Q97265714
http://www.wikidata.org/entity/Q97069153,http://www.wikidata.org/entity/Q97069155,http://www.wikidata.org/entity/Q97069162,François Dumas
http://www.wikidata.org/entity/Q97104559,http://www.wikidata.org/entity/Q96244665,http://www.wikidata.org/entity/Q96244672,Marie Gagné
http://www.wikidata.org/entity/Q99546607,,http://www.wikidata.org/entity/Q126196093,Shari Krishnaratne
http://www.wikidata.org/entity/Q99472523,,http://www.wikidata.org/entity/Q5120553,Tina Lee
http://www.wikidata.org/entity/Q99527348,http://www.wikidata.org/entity/Q20874161,,Dana Gavanski
http://www.wikidata.org/entity/Q101957916,http://www.wikidata.org/entity/Q101979496,,Réal Thivierge Jr.
http://www.wikidata.org/entity/Q101979809,http://www.wikidata.org/entity/Q101979496,,Samuel Thivierge
http://www.wikidata.org/entity/Q101246429,http://www.wikidata.org/entity/Q101246373,,Lygie Riddez
http://www.wikidata.org/entity/Q101114325,http://www.wikidata.org/entity/Q2830374,http://www.wikidata.org/entity/Q100450651,Frédéric Millaire Zouvi
http://www.wikidata.org/entity/Q102291403,http://www.wikidata.org/entity/Q3158348,,Nicolas Boulerice
http://www.wikidata.org/entity/Q102346748,http://www.wikidata.org/entity/Q102255149,http://www.wikidata.org/entity/Q102254685,Nelina Nenadic
http://www.wikidata.org/entity/Q105531593,http://www.wikidata.org/entity/Q55219299,,Aija Komangapik
http://www.wikidata.org/entity/Q105754593,http://www.wikidata.org/entity/Q6276882,http://www.wikidata.org/entity/Q100378079,Julian Peterson
http://www.wikidata.org/entity/Q105873417,,http://www.wikidata.org/entity/Q2851072,Alice Dorval
http://www.wikidata.org/entity/Q106584316,http://www.wikidata.org/entity/Q106584294,,Alena Prochazka
http://www.wikidata.org/entity/Q106872779,http://www.wikidata.org/entity/Q3565705,,France Margaret Bélanger
http://www.wikidata.org/entity/Q106967163,http://www.wikidata.org/entity/Q7965072,,Colleen Hardwick
http://www.wikidata.org/entity/Q107569202,http://www.wikidata.org/entity/Q107569328,,Christina M. Kraml
http://www.wikidata.org/entity/Q107609704,http://www.wikidata.org/entity/Q3067694,,Fayolle Jean Jr.
http://www.wikidata.org/entity/Q108679013,http://www.wikidata.org/entity/Q707440,http://www.wikidata.org/.well-known/genid/aefd959fb6734a5ae4debf9d495cc734,Wayne Hart
http://www.wikidata.org/entity/Q108738949,http://www.wikidata.org/entity/Q93640464,,Nigel David Allen
http://www.wikidata.org/entity/Q108903441,http://www.wikidata.org/entity/Q110549685,http://www.wikidata.org/entity/Q109719136,Geneviève Ryan Martel
http://www.wikidata.org/entity/Q108829022,http://www.wikidata.org/entity/Q1522692,,François Vigneault
http://www.wikidata.org/entity/Q109151936,http://www.wikidata.org/entity/Q109980770,,Pauline Young
http://www.wikidata.org/entity/Q109447298,http://www.wikidata.org/entity/Q3426894,http://www.wikidata.org/entity/Q18684497,Rosalie Taillefer-Simard
http://www.wikidata.org/entity/Q109363989,http://www.wikidata.org/entity/Q2861981,,Alexis Vaillancourt
http://www.wikidata.org/entity/Q109719136,http://www.wikidata.org/entity/Q2978118,,Thérèse Ryan
http://www.wikidata.org/entity/Q110236753,http://www.wikidata.org/entity/Q110228360,,Rosaire Archambault jr
http://www.wikidata.org/entity/Q110520334,http://www.wikidata.org/entity/Q6880982,http://www.wikidata.org/entity/Q110518965,Leonard Podolak
http://www.wikidata.org/entity/Q110980950,http://www.wikidata.org/entity/Q105623921,,Maia Dagher
http://www.wikidata.org/entity/Q111471260,http://www.wikidata.org/entity/Q2958855,,Joseph De Koninck
http://www.wikidata.org/entity/Q110830809,,http://www.wikidata.org/entity/Q11461808,Teresa Kobayashi
http://www.wikidata.org/entity/Q111454090,http://www.wikidata.org/entity/Q3052583,http://www.wikidata.org/entity/Q3320929,Philomène Bilodeau
http://www.wikidata.org/entity/Q111613271,http://www.wikidata.org/entity/Q3501776,,Virginie Chaloux-Gendron
http://www.wikidata.org/entity/Q112149353,http://www.wikidata.org/entity/Q3424860,,Manon Cyr
http://www.wikidata.org/entity/Q112622499,http://www.wikidata.org/entity/Q6523904,,John Jordan
http://www.wikidata.org/entity/Q113359891,,http://www.wikidata.org/entity/Q54806724,Akinisie Sivuarapik
http://www.wikidata.org/entity/Q113495860,http://www.wikidata.org/entity/Q3174371,,Jean-Sebastien Robitaille
http://www.wikidata.org/entity/Q113546464,,http://www.wikidata.org/entity/Q7799899,Jacques Dion
http://www.wikidata.org/entity/Q112918722,http://www.wikidata.org/entity/Q2594947,,Naomi Sara Azrieli
http://www.wikidata.org/entity/Q113131386,http://www.wikidata.org/entity/Q3293394,,Gabriel Cholette
http://www.wikidata.org/entity/Q115566209,http://www.wikidata.org/entity/Q1522692,,Jessica Vigneault
http://www.wikidata.org/entity/Q115254037,http://www.wikidata.org/entity/Q5460880,,Mathieu McKenzie
http://www.wikidata.org/entity/Q115275501,http://www.wikidata.org/entity/Q136361369,,Paul Sobey
http://www.wikidata.org/entity/Q116827463,http://www.wikidata.org/entity/Q554560,http://www.wikidata.org/entity/Q5105,Eddy Angélil
http://www.wikidata.org/entity/Q116827582,http://www.wikidata.org/entity/Q554560,http://www.wikidata.org/entity/Q5105,Nelson Angélil
http://www.wikidata.org/entity/Q116687655,http://www.wikidata.org/entity/Q95513513,,Vienna Leacock
http://www.wikidata.org/entity/Q116695776,http://www.wikidata.org/entity/Q95513513,,Elias Leacock
http://www.wikidata.org/entity/Q116434653,,http://www.wikidata.org/entity/Q23771705,Shoshanna Saxe
http://www.wikidata.org/entity/Q117289619,http://www.wikidata.org/entity/Q41564,http://www.wikidata.org/entity/Q14949441,Alex Johnston
http://www.wikidata.org/entity/Q116961533,http://www.wikidata.org/entity/Q6530692,http://www.wikidata.org/entity/Q7145616,Ben Carlson
http://www.wikidata.org/entity/Q118218158,http://www.wikidata.org/entity/Q118218227,http://www.wikidata.org/entity/Q105703927,Pierre Bélanger
http://www.wikidata.org/entity/Q120679131,,http://www.wikidata.org/entity/Q120679188,Alexandra Stevenson
http://www.wikidata.org/entity/Q119890858,http://www.wikidata.org/entity/Q659670,,François-Félix Roy
http://www.wikidata.org/entity/Q123018272,http://www.wikidata.org/entity/Q117660999,http://www.wikidata.org/entity/Q135710783,Barbara Ravel
http://www.wikidata.org/entity/Q124293621,http://www.wikidata.org/entity/Q1018631,,Ryder Ritchie
http://www.wikidata.org/entity/Q125179616,http://www.wikidata.org/entity/Q655512,http://www.wikidata.org/entity/Q6836773,Jenny Lewis
http://www.wikidata.org/entity/Q124611795,http://www.wikidata.org/entity/Q138004700,,Myriam Fehmiu
http://www.wikidata.org/entity/Q125648558,http://www.wikidata.org/entity/Q23028056,,Michael Hornyansky
http://www.wikidata.org/entity/Q125678336,http://www.wikidata.org/entity/Q8009378,,Roger Bull
http://www.wikidata.org/entity/Q125730866,http://www.wikidata.org/entity/Q1911275,,Francis Boucher
http://www.wikidata.org/entity/Q125648547,http://www.wikidata.org/entity/Q107311422,,Anthony Dunfield
http://www.wikidata.org/entity/Q125648532,http://www.wikidata.org/entity/Q118876278,,Adrian Duguid
http://www.wikidata.org/entity/Q125739194,http://www.wikidata.org/entity/Q125739193,,Norwood Carter
http://www.wikidata.org/entity/Q125449511,,http://www.wikidata.org/entity/Q111456481,Lou Thompson
http://www.wikidata.org/entity/Q125517180,,http://www.wikidata.org/entity/Q126196093,Maya Krishnaratne
http://www.wikidata.org/entity/Q125648796,http://www.wikidata.org/entity/Q3177466,,Larry Grafstein
http://www.wikidata.org/entity/Q125648769,http://www.wikidata.org/entity/Q6248877,,Catherine Milsum
http://www.wikidata.org/entity/Q125813119,,http://www.wikidata.org/entity/Q125878856,Apple Newton-Smith
http://www.wikidata.org/entity/Q126196093,http://www.wikidata.org/entity/Q119152362,,Chitra Krishnaratne
http://www.wikidata.org/entity/Q126630702,,http://www.wikidata.org/entity/Q126631541,Pascale Bourbeau
http://www.wikidata.org/entity/Q128795840,http://www.wikidata.org/entity/Q125397269,,Roberta Angelica
http://www.wikidata.org/entity/Q130550866,http://www.wikidata.org/entity/Q115198970,http://www.wikidata.org/entity/Q19666472,Leah Erbe
http://www.wikidata.org/entity/Q130620689,http://www.wikidata.org/entity/Q6372097,,Marie Morin-Strom
http://www.wikidata.org/entity/Q131204042,,http://www.wikidata.org/entity/Q131202263,Shataz Cain
http://www.wikidata.org/entity/Q131563277,http://www.wikidata.org/entity/Q131563123,http://www.wikidata.org/entity/Q100450537,Q131563277
http://www.wikidata.org/entity/Q131563366,http://www.wikidata.org/entity/Q131563123,http://www.wikidata.org/entity/Q100450537,Q131563366
http://www.wikidata.org/entity/Q131563007,,http://www.wikidata.org/entity/Q100450537,Q131563007
http://www.wikidata.org/entity/Q132002943,http://www.wikidata.org/entity/Q16640483,,Q132002943
http://www.wikidata.org/entity/Q131830115,http://www.wikidata.org/entity/Q131830105,,A.G. Hesslein
http://www.wikidata.org/entity/Q131994047,http://www.wikidata.org/entity/Q63446634,,Lusin Zhamgochian
http://www.wikidata.org/entity/Q132042176,,http://www.wikidata.org/entity/Q133867297,Kristen Gibson
http://www.wikidata.org/entity/Q132042315,http://www.wikidata.org/entity/Q132042361,http://www.wikidata.org/entity/Q132041820,Keanu Madigan
http://www.wikidata.org/entity/Q132042341,http://www.wikidata.org/entity/Q132042361,http://www.wikidata.org/entity/Q132041820,Makaio Madigan
http://www.wikidata.org/entity/Q133815910,http://www.wikidata.org/entity/Q3130588,,Q133815910
http://www.wikidata.org/entity/Q134308696,,http://www.wikidata.org/entity/Q5648723,Ian Newcombe
http://www.wikidata.org/entity/Q134383883,http://www.wikidata.org/entity/Q3380947,http://www.wikidata.org/entity/Q134383905,Q134383883
http://www.wikidata.org/entity/Q133867297,,http://www.wikidata.org/entity/Q133867300,Susan Gibson
http://www.wikidata.org/entity/Q133003410,http://www.wikidata.org/entity/Q3130990,,Karen Dorion-Coupal
http://www.wikidata.org/entity/Q134381108,http://www.wikidata.org/entity/Q2623995,,Marjorie Michel
http://www.wikidata.org/entity/Q134392419,http://www.wikidata.org/entity/Q134318268,,Alec Bruce
http://www.wikidata.org/entity/Q134448386,http://www.wikidata.org/entity/Q3099714,http://www.wikidata.org/entity/Q3788185,Xav
http://www.wikidata.org/entity/Q135906837,http://www.wikidata.org/entity/Q1524910,http://www.wikidata.org/entity/Q131194547,Marie-Elmire-Corinne Caron
http://www.wikidata.org/entity/Q135976643,http://www.wikidata.org/entity/Q136361078,,Q135976643
http://www.wikidata.org/entity/Q136397828,http://www.wikidata.org/entity/Q7373158,,Jim McMurtry
http://www.wikidata.org/entity/Q136027217,http://www.wikidata.org/entity/Q1241809,,Domagaya
http://www.wikidata.org/entity/Q136027254,http://www.wikidata.org/entity/Q1241809,,Taignoagny
http://www.wikidata.org/entity/Q136476123,http://www.wikidata.org/entity/Q136480641,,Q136476123
http://www.wikidata.org/entity/Q136926054,http://www.wikidata.org/entity/Q5386400,,Paula Duhatschek
http://www.wikidata.org/entity/Q137189742,,http://www.wikidata.org/entity/Q131510505,Q137189742
http://www.wikidata.org/entity/Q137711024,http://www.wikidata.org/entity/Q137680014,,John Scott Hayes
http://www.wikidata.org/entity/Q137803398,http://www.wikidata.org/entity/Q3130990,,Q137803398
http://www.wikidata.org/entity/Q138165064,,http://www.wikidata.org/entity/Q138183010,Q138165064
http://www.wikidata.org/entity/Q16149505,http://www.wikidata.org/entity/Q93640464,,
http://www.wikidata.org/entity/Q19958553,http://www.wikidata.org/entity/Q1356355,http://www.wikidata.org/entity/Q110363221,
http://www.wikidata.org/entity/Q6242740,http://www.wikidata.org/entity/Q5213792,,
http://www.wikidata.org/entity/Q91125335,http://www.wikidata.org/entity/Q134403538,,
http://www.wikidata.org/entity/Q91212598,http://www.wikidata.org/entity/Q3371061,http://www.wikidata.org/entity/Q18685700,
http://www.wikidata.org/entity/Q7301731,http://www.wikidata.org/entity/Q98968189,,
http://www.wikidata.org/entity/Q23696682,http://www.wikidata.org/entity/Q707440,,
http://www.wikidata.org/entity/Q681874,http://www.wikidata.org/entity/Q5584699,,
http://www.wikidata.org/entity/Q3018407,http://www.wikidata.org/entity/Q3012565,,
http://www.wikidata.org/entity/Q6688928,http://www.wikidata.org/entity/Q75766185,,
http://www.wikidata.org/entity/Q3367701,http://www.wikidata.org/entity/Q3386411,,
http://www.wikidata.org/entity/Q7243838,http://www.wikidata.org/entity/Q2325684,http://www.wikidata.org/entity/Q3292104,
http://www.wikidata.org/entity/Q4954306,http://www.wikidata.org/entity/Q2960301,http://www.wikidata.org/entity/Q7660970,
http://www.wikidata.org/entity/Q3308499,http://www.wikidata.org/entity/Q3182436,,
http://www.wikidata.org/entity/Q659637,http://www.wikidata.org/entity/Q16091616,,
http://www.wikidata.org/entity/Q71694821,http://www.wikidata.org/entity/Q972548,http://www.wikidata.org/entity/Q21176136,
http://www.wikidata.org/entity/Q1174481,http://www.wikidata.org/entity/Q47582135,http://www.wikidata.org/entity/Q2883940,
http://www.wikidata.org/entity/Q56702085,http://www.wikidata.org/entity/Q56374241,,
http://www.wikidata.org/entity/Q3336560,http://www.wikidata.org/entity/Q3130990,,
http://www.wikidata.org/entity/Q132178118,http://www.wikidata.org/entity/Q4799431,,
http://www.wikidata.org/entity/Q3376539,http://www.wikidata.org/entity/Q568998,,
http://www.wikidata.org/entity/Q3288156,http://www.wikidata.org/entity/Q3099830,http://www.wikidata.org/entity/Q24037768,
http://www.wikidata.org/entity/Q128081174,http://www.wikidata.org/entity/Q130559395,http://www.wikidata.org/entity/Q130561484,
http://www.wikidata.org/entity/Q4756700,http://www.wikidata.org/entity/Q3160995,,
http://www.wikidata.org/entity/Q132726461,http://www.wikidata.org/entity/Q100258404,,
http://www.wikidata.org/entity/Q136483899,http://www.wikidata.org/entity/Q5662096,,
http://www.wikidata.org/entity/Q17578422,http://www.wikidata.org/entity/Q12084431,,
http://www.wikidata.org/entity/Q19609629,http://www.wikidata.org/entity/Q3196315,,
http://www.wikidata.org/entity/Q3167425,http://www.wikidata.org/entity/Q3289184,,
http://www.wikidata.org/entity/Q107569226,http://www.wikidata.org/entity/Q107569328,,
http://www.wikidata.org/entity/Q1379682,http://www.wikidata.org/entity/Q18020055,http://www.wikidata.org/entity/Q263172,
http://www.wikidata.org/entity/Q209518,http://www.wikidata.org/entity/Q7965007,,
http://www.wikidata.org/entity/Q3531723,http://www.wikidata.org/entity/Q6226324,,
http://www.wikidata.org/entity/Q7150467,http://www.wikidata.org/entity/Q75880175,http://www.wikidata.org/entity/Q75880172,
http://www.wikidata.org/entity/Q261547,http://www.wikidata.org/entity/Q369174,http://www.wikidata.org/entity/Q106034721,
http://www.wikidata.org/entity/Q16669232,http://www.wikidata.org/entity/Q59140764,,
http://www.wikidata.org/entity/Q288688,http://www.wikidata.org/entity/Q952060,,
http://www.wikidata.org/entity/Q731843,http://www.wikidata.org/entity/Q3573339,http://www.wikidata.org/entity/Q3265829,
http://www.wikidata.org/entity/Q3491052,http://www.wikidata.org/entity/Q3288425,http://www.wikidata.org/entity/Q55998278,
http://www.wikidata.org/entity/Q44014657,http://www.wikidata.org/entity/Q58955407,,
http://www.wikidata.org/entity/Q395274,http://www.wikidata.org/entity/Q17490442,http://www.wikidata.org/entity/Q17490443,
http://www.wikidata.org/entity/Q5524621,http://www.wikidata.org/entity/Q5536475,,
http://www.wikidata.org/entity/Q4679921,http://www.wikidata.org/entity/Q5145636,,
http://www.wikidata.org/entity/Q528527,http://www.wikidata.org/entity/Q182450,http://www.wikidata.org/entity/Q253916,
http://www.wikidata.org/entity/Q134604157,http://www.wikidata.org/entity/Q513043,,
http://www.wikidata.org/entity/Q3292778,http://www.wikidata.org/entity/Q106148007,,
http://www.wikidata.org/entity/Q3385672,http://www.wikidata.org/entity/Q3386717,,
http://www.wikidata.org/entity/Q108302236,http://www.wikidata.org/entity/Q4023314,,
http://www.wikidata.org/entity/Q47352696,http://www.wikidata.org/entity/Q4910758,,
http://www.wikidata.org/entity/Q2640723,http://www.wikidata.org/entity/Q5955952,,
http://www.wikidata.org/entity/Q329249,http://www.wikidata.org/entity/Q2063588,,
http://www.wikidata.org/entity/Q2368832,http://www.wikidata.org/entity/Q2579298,,
http://www.wikidata.org/entity/Q40504,http://www.wikidata.org/entity/Q42720174,http://www.wikidata.org/entity/Q42720450,
http://www.wikidata.org/entity/Q8049874,http://www.wikidata.org/entity/Q127998,http://www.wikidata.org/entity/Q30277579,
http://www.wikidata.org/entity/Q6379934,http://www.wikidata.org/entity/Q18002749,,
http://www.wikidata.org/entity/Q15521684,http://www.wikidata.org/entity/Q114570741,http://www.wikidata.org/entity/Q114565106,
http://www.wikidata.org/entity/Q125191766,http://www.wikidata.org/entity/Q104214425,,
http://www.wikidata.org/entity/Q2462533,,http://www.wikidata.org/entity/Q7660970,
http://www.wikidata.org/entity/Q6276882,http://www.wikidata.org/entity/Q106100104,http://www.wikidata.org/entity/Q106100068,
http://www.wikidata.org/entity/Q18233236,http://www.wikidata.org/entity/Q9387902,,
http://www.wikidata.org/entity/Q5983064,http://www.wikidata.org/entity/Q19662202,,
http://www.wikidata.org/entity/Q4811453,http://www.wikidata.org/entity/Q1780491,,
http://www.wikidata.org/entity/Q8965221,http://www.wikidata.org/entity/Q735458,http://www.wikidata.org/entity/Q14325374,
http://www.wikidata.org/entity/Q3501743,http://www.wikidata.org/entity/Q3121754,,
http://www.wikidata.org/entity/Q1012098,http://www.wikidata.org/entity/Q568998,,
http://www.wikidata.org/entity/Q68342911,http://www.wikidata.org/entity/Q137560020,,
http://www.wikidata.org/entity/Q1275214,http://www.wikidata.org/entity/Q6254488,,
http://www.wikidata.org/entity/Q7419631,http://www.wikidata.org/entity/Q21176243,,
http://www.wikidata.org/entity/Q3369025,http://www.wikidata.org/entity/Q3310784,,
http://www.wikidata.org/entity/Q42963267,http://www.wikidata.org/entity/Q3387209,,
http://www.wikidata.org/entity/Q5235901,,http://www.wikidata.org/entity/Q123023051,
http://www.wikidata.org/entity/Q88597140,,http://www.wikidata.org/entity/Q55219577,
http://www.wikidata.org/entity/Q6551575,http://www.wikidata.org/entity/Q47582135,http://www.wikidata.org/entity/Q2883940,
http://www.wikidata.org/entity/Q516940,http://www.wikidata.org/entity/Q3106095,,
http://www.wikidata.org/entity/Q25849526,http://www.wikidata.org/entity/Q64767556,http://www.wikidata.org/entity/Q64767591,
http://www.wikidata.org/entity/Q1600132,http://www.wikidata.org/entity/Q97070006,http://www.wikidata.org/entity/Q97070038,
http://www.wikidata.org/entity/Q8562880,http://www.wikidata.org/entity/Q2325684,http://www.wikidata.org/entity/Q3292104,
http://www.wikidata.org/entity/Q63869638,http://www.wikidata.org/entity/Q76183058,http://www.wikidata.org/entity/Q76183056,
http://www.wikidata.org/entity/Q127508882,http://www.wikidata.org/entity/Q12025799,,
http://www.wikidata.org/entity/Q185724,http://www.wikidata.org/entity/Q114570741,http://www.wikidata.org/entity/Q114565106,
http://www.wikidata.org/entity/Q273720,http://www.wikidata.org/entity/Q369174,http://www.wikidata.org/entity/Q106034721,
http://www.wikidata.org/entity/Q13914,http://www.wikidata.org/entity/Q3588647,,
http://www.wikidata.org/entity/Q30346950,http://www.wikidata.org/entity/Q102183766,,
http://www.wikidata.org/entity/Q7608236,http://www.wikidata.org/entity/Q1063718,,
http://www.wikidata.org/entity/Q9144007,http://www.wikidata.org/entity/Q134403538,,
http://www.wikidata.org/entity/Q14948757,http://www.wikidata.org/entity/Q127607082,,
http://www.wikidata.org/entity/Q5271184,http://www.wikidata.org/entity/Q707440,,
http://www.wikidata.org/entity/Q1740138,http://www.wikidata.org/entity/Q568998,,
http://www.wikidata.org/entity/Q229560,,http://www.wikidata.org/entity/Q16729887,
http://www.wikidata.org/entity/Q21458410,http://www.wikidata.org/entity/Q43128033,http://www.wikidata.org/entity/Q16012935,
http://www.wikidata.org/entity/Q3287605,http://www.wikidata.org/entity/Q3169141,,
http://www.wikidata.org/entity/Q3017177,http://www.wikidata.org/entity/Q3017178,,
http://www.wikidata.org/entity/Q3505671,http://www.wikidata.org/entity/Q3035711,,
http://www.wikidata.org/entity/Q16244764,http://www.wikidata.org/entity/Q6254488,,
http://www.wikidata.org/entity/Q109549119,http://www.wikidata.org/entity/Q1923431,,
http://www.wikidata.org/entity/Q16677498,http://www.wikidata.org/entity/Q3434594,,
http://www.wikidata.org/entity/Q18165291,http://www.wikidata.org/entity/Q118444223,,
http://www.wikidata.org/entity/Q47498451,http://www.wikidata.org/entity/Q56374241,,
http://www.wikidata.org/entity/Q55217746,http://www.wikidata.org/entity/Q3093534,,
http://www.wikidata.org/entity/Q60245271,http://www.wikidata.org/entity/Q60234449,,
http://www.wikidata.org/entity/Q6986079,http://www.wikidata.org/entity/Q3296257,http://www.wikidata.org/entity/Q1622821,
http://www.wikidata.org/entity/Q20682472,http://www.wikidata.org/entity/Q15993600,,
http://www.wikidata.org/entity/Q3476240,http://www.wikidata.org/entity/Q5585720,,
http://www.wikidata.org/entity/Q15135518,http://www.wikidata.org/entity/Q15135514,http://www.wikidata.org/entity/Q2414267,
http://www.wikidata.org/entity/Q3573594,http://www.wikidata.org/entity/Q3525034,,
http://www.wikidata.org/entity/Q2563511,http://www.wikidata.org/entity/Q7323252,http://www.wikidata.org/entity/Q27063435,
http://www.wikidata.org/entity/Q7279347,http://www.wikidata.org/entity/Q5596382,,
http://www.wikidata.org/entity/Q63565674,http://www.wikidata.org/entity/Q6138866,,
http://www.wikidata.org/entity/Q1345138,http://www.wikidata.org/entity/Q4980156,,
http://www.wikidata.org/entity/Q6525082,http://www.wikidata.org/entity/Q3155643,,
http://www.wikidata.org/entity/Q65560558,,http://www.wikidata.org/entity/Q3291984,
http://www.wikidata.org/entity/Q3859383,http://www.wikidata.org/entity/Q107212041,,
http://www.wikidata.org/entity/Q700167,http://www.wikidata.org/entity/Q20151,http://www.wikidata.org/entity/Q7212474,
http://www.wikidata.org/entity/Q440363,http://www.wikidata.org/entity/Q456688,,
http://www.wikidata.org/entity/Q43416,http://www.wikidata.org/entity/Q96621715,http://www.wikidata.org/entity/Q96621728,
http://www.wikidata.org/entity/Q75371677,http://www.wikidata.org/entity/Q75371654,http://www.wikidata.org/entity/Q75371655,
http://www.wikidata.org/entity/Q76293971,http://www.wikidata.org/entity/Q26423696,http://www.wikidata.org/entity/Q76123151,
http://www.wikidata.org/entity/Q3180326,http://www.wikidata.org/entity/Q1265369,,
http://www.wikidata.org/entity/Q75552071,http://www.wikidata.org/entity/Q75373084,http://www.wikidata.org/entity/Q75552067,
http://www.wikidata.org/entity/Q113305842,http://www.wikidata.org/entity/Q56025097,,
http://www.wikidata.org/entity/Q3498613,,http://www.wikidata.org/entity/Q136675719,
http://www.wikidata.org/entity/Q5300478,http://www.wikidata.org/entity/Q5300479,,
http://www.wikidata.org/entity/Q5238883,http://www.wikidata.org/entity/Q98518157,,
http://www.wikidata.org/entity/Q1772432,http://www.wikidata.org/entity/Q15452303,,
http://www.wikidata.org/entity/Q137684718,http://www.wikidata.org/entity/Q85779706,,
http://www.wikidata.org/entity/Q60735304,,http://www.wikidata.org/entity/Q3103918,
http://www.wikidata.org/entity/Q6900387,http://www.wikidata.org/entity/Q7329116,,
http://www.wikidata.org/entity/Q11864263,http://www.wikidata.org/entity/Q887087,,
http://www.wikidata.org/entity/Q4934249,http://www.wikidata.org/entity/Q23008758,,
http://www.wikidata.org/entity/Q192533,http://www.wikidata.org/entity/Q135528852,http://www.wikidata.org/entity/Q136807144,
http://www.wikidata.org/entity/Q7101558,http://www.wikidata.org/entity/Q220944,,
http://www.wikidata.org/entity/Q3376923,http://www.wikidata.org/entity/Q1346291,http://www.wikidata.org/entity/Q76190532,
http://www.wikidata.org/entity/Q317365,http://www.wikidata.org/entity/Q707440,,
http://www.wikidata.org/entity/Q192171,http://www.wikidata.org/entity/Q106577546,http://www.wikidata.org/entity/Q106578349,
http://www.wikidata.org/entity/Q56558724,http://www.wikidata.org/entity/Q6860991,,
http://www.wikidata.org/entity/Q101535336,http://www.wikidata.org/entity/Q123406871,,
http://www.wikidata.org/entity/Q3299731,http://www.wikidata.org/entity/Q3017178,,
http://www.wikidata.org/entity/Q1030566,http://www.wikidata.org/entity/Q30068289,http://www.wikidata.org/entity/Q30068288,
http://www.wikidata.org/entity/Q30068210,http://www.wikidata.org/entity/Q30068289,http://www.wikidata.org/entity/Q30068288,
http://www.wikidata.org/entity/Q131433,http://www.wikidata.org/entity/Q97069426,http://www.wikidata.org/entity/Q97069427,
http://www.wikidata.org/entity/Q273066,http://www.wikidata.org/entity/Q59783287,,
http://www.wikidata.org/entity/Q2069525,http://www.wikidata.org/entity/Q4909391,,
http://www.wikidata.org/entity/Q716246,http://www.wikidata.org/entity/Q5366617,,
http://www.wikidata.org/entity/Q75552069,http://www.wikidata.org/entity/Q75373084,http://www.wikidata.org/entity/Q75552067,
http://www.wikidata.org/entity/Q10374463,,http://www.wikidata.org/entity/Q16040924,
http://www.wikidata.org/entity/Q19668126,,http://www.wikidata.org/entity/Q6116612,
http://www.wikidata.org/entity/Q21005767,http://www.wikidata.org/entity/Q75892335,http://www.wikidata.org/entity/Q75892338,
http://www.wikidata.org/entity/Q29790945,http://www.wikidata.org/entity/Q21070762,,
http://www.wikidata.org/entity/Q3081406,http://www.wikidata.org/entity/Q130688870,,
http://www.wikidata.org/entity/Q3168007,http://www.wikidata.org/entity/Q3102642,,
http://www.wikidata.org/entity/Q43777150,http://www.wikidata.org/entity/Q2830759,,
http://www.wikidata.org/entity/Q76293973,http://www.wikidata.org/entity/Q26423696,http://www.wikidata.org/entity/Q76123151,
http://www.wikidata.org/entity/Q27734259,http://www.wikidata.org/entity/Q16104901,,
http://www.wikidata.org/entity/Q82571202,http://www.wikidata.org/entity/Q110212136,http://www.wikidata.org/entity/Q23688796,
http://www.wikidata.org/entity/Q3340169,http://www.wikidata.org/entity/Q3573339,http://www.wikidata.org/entity/Q3265829,
http://www.wikidata.org/entity/Q548048,http://www.wikidata.org/entity/Q84699,,
http://www.wikidata.org/entity/Q3313548,http://www.wikidata.org/entity/Q2056579,,
http://www.wikidata.org/entity/Q3167713,http://www.wikidata.org/entity/Q3172993,,
http://www.wikidata.org/entity/Q56871253,http://www.wikidata.org/entity/Q16266531,,
http://www.wikidata.org/entity/Q4739629,http://www.wikidata.org/entity/Q4120894,,
http://www.wikidata.org/entity/Q5613389,http://www.wikidata.org/entity/Q1174104,,
http://www.wikidata.org/entity/Q712663,http://www.wikidata.org/entity/Q20151,http://www.wikidata.org/entity/Q7212474,
http://www.wikidata.org/entity/Q1100169,http://www.wikidata.org/entity/Q105952378,,
http://www.wikidata.org/entity/Q3017845,http://www.wikidata.org/entity/Q316850,http://www.wikidata.org/entity/Q675050,
http://www.wikidata.org/entity/Q7184842,http://www.wikidata.org/entity/Q134403538,,
http://www.wikidata.org/entity/Q103946,http://www.wikidata.org/entity/Q103784,http://www.wikidata.org/entity/Q460062,
http://www.wikidata.org/entity/Q29412627,http://www.wikidata.org/entity/Q103784,http://www.wikidata.org/entity/Q460062,
http://www.wikidata.org/entity/Q22442799,http://www.wikidata.org/entity/Q5516666,,
http://www.wikidata.org/entity/Q3154944,http://www.wikidata.org/entity/Q3166081,,
http://www.wikidata.org/entity/Q60029734,http://www.wikidata.org/entity/Q5387118,,
http://www.wikidata.org/entity/Q7408467,http://www.wikidata.org/entity/Q12223246,,
http://www.wikidata.org/entity/Q3194739,http://www.wikidata.org/entity/Q7965007,,
http://www.wikidata.org/entity/Q114804838,http://www.wikidata.org/entity/Q112493751,,
http://www.wikidata.org/entity/Q4828471,http://www.wikidata.org/entity/Q655512,http://www.wikidata.org/entity/Q6836773,
http://www.wikidata.org/entity/Q6393866,http://www.wikidata.org/entity/Q56558700,,
http://www.wikidata.org/entity/Q3165600,http://www.wikidata.org/entity/Q3105704,,
http://www.wikidata.org/entity/Q1396918,http://www.wikidata.org/entity/Q3418281,,
http://www.wikidata.org/entity/Q6962232,http://www.wikidata.org/entity/Q952060,,
http://www.wikidata.org/entity/Q2533224,http://www.wikidata.org/entity/Q6232176,,
http://www.wikidata.org/entity/Q3340562,http://www.wikidata.org/entity/Q3386095,http://www.wikidata.org/entity/Q3438394,
http://www.wikidata.org/entity/Q7301752,http://www.wikidata.org/entity/Q5228841,,
http://www.wikidata.org/entity/Q3034854,http://www.wikidata.org/entity/Q927934,,
http://www.wikidata.org/entity/Q3193372,http://www.wikidata.org/entity/Q3098920,,
http://www.wikidata.org/entity/Q106367778,http://www.wikidata.org/entity/Q50958817,http://www.wikidata.org/entity/Q4942441,
http://www.wikidata.org/entity/Q1636489,,http://www.wikidata.org/entity/Q15455687,
http://www.wikidata.org/entity/Q27676729,http://www.wikidata.org/entity/Q365682,,
http://www.wikidata.org/entity/Q3559721,http://www.wikidata.org/entity/Q3386080,,
http://www.wikidata.org/entity/Q5431066,http://www.wikidata.org/entity/Q2827446,,
http://www.wikidata.org/entity/Q56749889,http://www.wikidata.org/entity/Q3172257,,
http://www.wikidata.org/entity/Q7279460,http://www.wikidata.org/entity/Q6491346,,
http://www.wikidata.org/entity/Q971919,http://www.wikidata.org/entity/Q732980,http://www.wikidata.org/entity/Q2848986,
http://www.wikidata.org/entity/Q18578087,http://www.wikidata.org/entity/Q2298711,,
http://www.wikidata.org/entity/Q3122584,http://www.wikidata.org/entity/Q28913565,,
http://www.wikidata.org/entity/Q3334954,http://www.wikidata.org/entity/Q104017749,http://www.wikidata.org/entity/Q92791254,
http://www.wikidata.org/entity/Q6482854,http://www.wikidata.org/entity/Q125356226,,
http://www.wikidata.org/entity/Q3501650,http://www.wikidata.org/entity/Q117141,,
http://www.wikidata.org/entity/Q100233515,http://www.wikidata.org/entity/Q369174,http://www.wikidata.org/entity/Q7493357,
http://www.wikidata.org/entity/Q5105,http://www.wikidata.org/entity/Q96241888,http://www.wikidata.org/entity/Q7799899,
http://www.wikidata.org/entity/Q363490,http://www.wikidata.org/entity/Q5231404,,
http://www.wikidata.org/entity/Q3857260,http://www.wikidata.org/entity/Q4023314,,
http://www.wikidata.org/entity/Q531455,http://www.wikidata.org/entity/Q55670678,,
http://www.wikidata.org/entity/Q2559497,,http://www.wikidata.org/entity/Q20069319,
http://www.wikidata.org/entity/Q85872387,http://www.wikidata.org/entity/Q91908430,,
http://www.wikidata.org/entity/Q4492815,,http://www.wikidata.org/entity/Q137679117,
http://www.wikidata.org/entity/Q1382813,http://www.wikidata.org/entity/Q1972182,,
http://www.wikidata.org/entity/Q6273534,,http://www.wikidata.org/entity/Q2883969,
http://www.wikidata.org/entity/Q26923215,http://www.wikidata.org/entity/Q3082666,,
http://www.wikidata.org/entity/Q547228,http://www.wikidata.org/entity/Q134403538,,
http://www.wikidata.org/entity/Q27991537,http://www.wikidata.org/entity/Q867599,,
http://www.wikidata.org/entity/Q111684985,,http://www.wikidata.org/entity/Q28105202,
http://www.wikidata.org/entity/Q131510505,http://www.wikidata.org/entity/Q133838725,,
http://www.wikidata.org/entity/Q82575791,http://www.wikidata.org/entity/Q122346588,,
http://www.wikidata.org/entity/Q3554317,,http://www.wikidata.org/entity/Q3290618,
http://www.wikidata.org/entity/Q4865076,http://www.wikidata.org/entity/Q456688,,
http://www.wikidata.org/entity/Q42305837,http://www.wikidata.org/entity/Q125676928,,
http://www.wikidata.org/entity/Q3177018,http://www.wikidata.org/entity/Q3048072,,
http://www.wikidata.org/entity/Q567021,http://www.wikidata.org/entity/Q21288808,http://www.wikidata.org/entity/Q26997727,
http://www.wikidata.org/entity/Q169303,http://www.wikidata.org/entity/Q5300479,,
http://www.wikidata.org/entity/Q1293362,http://www.wikidata.org/entity/Q462656,http://www.wikidata.org/entity/Q23762064,
http://www.wikidata.org/entity/Q262838,http://www.wikidata.org/entity/Q1239152,http://www.wikidata.org/entity/Q1824955,
http://www.wikidata.org/entity/Q4961505,http://www.wikidata.org/entity/Q107447145,,
http://www.wikidata.org/entity/Q76293966,http://www.wikidata.org/entity/Q26423696,http://www.wikidata.org/entity/Q76123151,
http://www.wikidata.org/entity/Q380802,,http://www.wikidata.org/entity/Q5271680,
http://www.wikidata.org/entity/Q16751499,http://www.wikidata.org/entity/Q6198577,,
http://www.wikidata.org/entity/Q171758,http://www.wikidata.org/entity/Q3097804,http://www.wikidata.org/entity/Q123458352,
http://www.wikidata.org/entity/Q52255,http://www.wikidata.org/entity/Q5257208,,
http://www.wikidata.org/entity/Q4725250,http://www.wikidata.org/entity/Q6937211,,
http://www.wikidata.org/entity/Q18947,http://www.wikidata.org/entity/Q3108674,http://www.wikidata.org/entity/Q2825309,
http://www.wikidata.org/entity/Q51603,http://www.wikidata.org/entity/Q5235767,http://www.wikidata.org/entity/Q18808931,
http://www.wikidata.org/entity/Q6548175,http://www.wikidata.org/entity/Q128645,http://www.wikidata.org/entity/Q6077704,
http://www.wikidata.org/entity/Q75585616,http://www.wikidata.org/entity/Q75585578,http://www.wikidata.org/entity/Q75585581,
http://www.wikidata.org/entity/Q24373,http://www.wikidata.org/entity/Q137769869,,
http://www.wikidata.org/entity/Q7360406,http://www.wikidata.org/entity/Q132646683,,
http://www.wikidata.org/entity/Q5113352,http://www.wikidata.org/entity/Q75568290,http://www.wikidata.org/entity/Q75568289,
http://www.wikidata.org/entity/Q3437481,http://www.wikidata.org/entity/Q101507032,http://www.wikidata.org/entity/Q101507085,
http://www.wikidata.org/entity/Q725303,http://www.wikidata.org/entity/Q24288125,,
http://www.wikidata.org/entity/Q6503742,http://www.wikidata.org/entity/Q3106117,,
http://www.wikidata.org/entity/Q3264847,http://www.wikidata.org/entity/Q114020235,,
http://www.wikidata.org/entity/Q4798442,http://www.wikidata.org/entity/Q4799233,,
http://www.wikidata.org/entity/Q117280725,http://www.wikidata.org/entity/Q117280470,http://www.wikidata.org/entity/Q117280650,
http://www.wikidata.org/entity/Q131387271,http://www.wikidata.org/entity/Q21611066,,
http://www.wikidata.org/entity/Q20737592,http://www.wikidata.org/entity/Q75911408,,
http://www.wikidata.org/entity/Q1508375,http://www.wikidata.org/entity/Q167327,,
http://www.wikidata.org/entity/Q1256679,http://www.wikidata.org/entity/Q3057040,,
http://www.wikidata.org/entity/Q3484558,http://www.wikidata.org/entity/Q2868982,http://www.wikidata.org/entity/Q6726269,
http://www.wikidata.org/entity/Q136361337,http://www.wikidata.org/entity/Q5240899,,
http://www.wikidata.org/entity/Q18193522,http://www.wikidata.org/entity/Q17282311,http://www.wikidata.org/entity/Q75396938,
http://www.wikidata.org/entity/Q454944,http://www.wikidata.org/entity/Q72267,http://www.wikidata.org/entity/Q5163494,
http://www.wikidata.org/entity/Q395205,http://www.wikidata.org/entity/Q5613628,,
http://www.wikidata.org/entity/Q125648511,,http://www.wikidata.org/entity/Q460191,
http://www.wikidata.org/entity/Q122766486,http://www.wikidata.org/entity/Q122766474,,
http://www.wikidata.org/entity/Q134881148,http://www.wikidata.org/entity/Q3375190,,
http://www.wikidata.org/entity/Q75585566,http://www.wikidata.org/entity/Q75585478,http://www.wikidata.org/entity/Q75585480,
http://www.wikidata.org/entity/Q97930285,http://www.wikidata.org/entity/Q1426606,,
http://www.wikidata.org/entity/Q6128532,http://www.wikidata.org/entity/Q137779319,,
http://www.wikidata.org/entity/Q742878,http://www.wikidata.org/entity/Q1366313,,
http://www.wikidata.org/entity/Q5585265,http://www.wikidata.org/entity/Q116547440,http://www.wikidata.org/entity/Q116547470,
http://www.wikidata.org/entity/Q3168681,http://www.wikidata.org/entity/Q128626,http://www.wikidata.org/entity/Q6172195,
http://www.wikidata.org/entity/Q123777116,http://www.wikidata.org/entity/Q12365006,,
http://www.wikidata.org/entity/Q28584409,http://www.wikidata.org/entity/Q55842967,http://www.wikidata.org/entity/Q28584408,
http://www.wikidata.org/entity/Q239864,,http://www.wikidata.org/entity/Q7367955,
http://www.wikidata.org/entity/Q3182360,http://www.wikidata.org/entity/Q5539814,,
http://www.wikidata.org/entity/Q120671490,http://www.wikidata.org/entity/Q3565825,,
http://www.wikidata.org/entity/Q48644251,http://www.wikidata.org/entity/Q5523651,,
http://www.wikidata.org/entity/Q1607190,http://www.wikidata.org/entity/Q111240239,http://www.wikidata.org/entity/Q111240251,
http://www.wikidata.org/entity/Q102221955,http://www.wikidata.org/entity/Q124293256,,
http://www.wikidata.org/entity/Q6219731,http://www.wikidata.org/entity/Q6218593,http://www.wikidata.org/entity/Q6759692,
http://www.wikidata.org/entity/Q24264660,http://www.wikidata.org/entity/Q62036081,,
http://www.wikidata.org/entity/Q41037724,,http://www.wikidata.org/entity/Q41035807,
http://www.wikidata.org/entity/Q6151168,http://www.wikidata.org/entity/Q75440027,,
http://www.wikidata.org/entity/Q7174471,http://www.wikidata.org/entity/Q4497083,http://www.wikidata.org/entity/Q75411027,
http://www.wikidata.org/entity/Q59628274,http://www.wikidata.org/entity/Q137779319,,
http://www.wikidata.org/entity/Q135990022,http://www.wikidata.org/entity/Q106478213,,
http://www.wikidata.org/entity/Q87298602,http://www.wikidata.org/entity/Q5950799,,
http://www.wikidata.org/entity/Q500237,http://www.wikidata.org/entity/Q2384409,http://www.wikidata.org/entity/Q102440770,
http://www.wikidata.org/entity/Q30731303,http://www.wikidata.org/entity/Q4821036,,
http://www.wikidata.org/entity/Q3051272,http://www.wikidata.org/entity/Q19953289,,
http://www.wikidata.org/entity/Q113090137,http://www.wikidata.org/entity/Q2854185,,
http://www.wikidata.org/entity/Q4723293,http://www.wikidata.org/entity/Q59783279,,
http://www.wikidata.org/entity/Q56255670,http://www.wikidata.org/entity/Q18623275,,
http://www.wikidata.org/entity/Q3307853,http://www.wikidata.org/entity/Q101246373,,
http://www.wikidata.org/entity/Q42291621,http://www.wikidata.org/entity/Q3844204,,
http://www.wikidata.org/entity/Q124839212,http://www.wikidata.org/entity/Q124839201,,
http://www.wikidata.org/entity/Q461101,http://www.wikidata.org/entity/Q5489748,,
http://www.wikidata.org/entity/Q1634907,http://www.wikidata.org/entity/Q1443029,,
http://www.wikidata.org/entity/Q3351077,http://www.wikidata.org/entity/Q3351079,,
http://www.wikidata.org/entity/Q4741749,http://www.wikidata.org/entity/Q136089226,,
http://www.wikidata.org/entity/Q3061388,http://www.wikidata.org/entity/Q75554590,http://www.wikidata.org/entity/Q75554596,
http://www.wikidata.org/entity/Q972548,http://www.wikidata.org/entity/Q1359893,http://www.wikidata.org/entity/Q45143980,
http://www.wikidata.org/entity/Q137796870,http://www.wikidata.org/entity/Q99736591,,
http://www.wikidata.org/entity/Q110513122,,http://www.wikidata.org/entity/Q89780671,
http://www.wikidata.org/entity/Q100591440,http://www.wikidata.org/entity/Q106378915,,
http://www.wikidata.org/entity/Q6793438,http://www.wikidata.org/entity/Q6256371,,
http://www.wikidata.org/entity/Q59783416,http://www.wikidata.org/entity/Q2834927,,
http://www.wikidata.org/entity/Q1239807,http://www.wikidata.org/entity/Q8018970,,
http://www.wikidata.org/entity/Q3181008,http://www.wikidata.org/entity/Q111659085,http://www.wikidata.org/entity/Q112215872,
http://www.wikidata.org/entity/Q2940252,http://www.wikidata.org/entity/Q6280709,,
http://www.wikidata.org/entity/Q2967443,http://www.wikidata.org/entity/Q11801444,,
http://www.wikidata.org/entity/Q89795205,http://www.wikidata.org/entity/Q2844654,,
http://www.wikidata.org/entity/Q24264575,http://www.wikidata.org/entity/Q62036081,,
http://www.wikidata.org/entity/Q136298375,http://www.wikidata.org/entity/Q138026911,,
http://www.wikidata.org/entity/Q16011386,http://www.wikidata.org/entity/Q4722388,,
http://www.wikidata.org/entity/Q59775103,http://www.wikidata.org/entity/Q75910680,http://www.wikidata.org/entity/Q75910684,
http://www.wikidata.org/entity/Q5241699,http://www.wikidata.org/entity/Q5498150,,
http://www.wikidata.org/entity/Q1507407,http://www.wikidata.org/entity/Q57132,,
http://www.wikidata.org/entity/Q3371518,http://www.wikidata.org/entity/Q12023349,,
http://www.wikidata.org/entity/Q579589,http://www.wikidata.org/entity/Q1366313,,
http://www.wikidata.org/entity/Q30310343,http://www.wikidata.org/entity/Q966669,http://www.wikidata.org/entity/Q4725991,
http://www.wikidata.org/entity/Q737768,http://www.wikidata.org/entity/Q55670280,,
http://www.wikidata.org/entity/Q3265431,http://www.wikidata.org/entity/Q6362419,,
http://www.wikidata.org/entity/Q3174631,http://www.wikidata.org/entity/Q83184171,,
http://www.wikidata.org/entity/Q3485368,http://www.wikidata.org/entity/Q101246373,,
http://www.wikidata.org/entity/Q3471258,http://www.wikidata.org/entity/Q3561491,,
http://www.wikidata.org/entity/Q59783260,http://www.wikidata.org/entity/Q59783261,,
http://www.wikidata.org/entity/Q3108724,http://www.wikidata.org/entity/Q725443,http://www.wikidata.org/entity/Q715337,
http://www.wikidata.org/entity/Q125246720,http://www.wikidata.org/entity/Q2023310,,
http://www.wikidata.org/entity/Q16014339,http://www.wikidata.org/entity/Q75526206,http://www.wikidata.org/entity/Q75526209,
http://www.wikidata.org/entity/Q75585619,http://www.wikidata.org/entity/Q75585618,,
http://www.wikidata.org/entity/Q23071476,http://www.wikidata.org/entity/Q107684127,,
http://www.wikidata.org/entity/Q119082,http://www.wikidata.org/entity/Q24266848,,
http://www.wikidata.org/entity/Q28170583,http://www.wikidata.org/entity/Q30727063,,
http://www.wikidata.org/entity/Q56254810,http://www.wikidata.org/entity/Q56247975,,
http://www.wikidata.org/entity/Q75367409,http://www.wikidata.org/entity/Q16523871,,
http://www.wikidata.org/entity/Q7652640,http://www.wikidata.org/entity/Q1373674,http://www.wikidata.org/entity/Q43948081,
http://www.wikidata.org/entity/Q4246276,http://www.wikidata.org/entity/Q829235,http://www.wikidata.org/entity/Q163176,
http://www.wikidata.org/entity/Q464256,http://www.wikidata.org/entity/Q2831573,,
http://www.wikidata.org/entity/Q136087244,http://www.wikidata.org/entity/Q31294143,,
http://www.wikidata.org/entity/Q58468244,http://www.wikidata.org/entity/Q50823916,,
http://www.wikidata.org/entity/Q946257,http://www.wikidata.org/entity/Q429823,http://www.wikidata.org/entity/Q7937443,
http://www.wikidata.org/entity/Q26247558,http://www.wikidata.org/entity/Q26247352,http://www.wikidata.org/entity/Q26247404,
http://www.wikidata.org/entity/Q6547784,http://www.wikidata.org/entity/Q1442854,,
http://www.wikidata.org/entity/Q75721793,http://www.wikidata.org/entity/Q75721799,http://www.wikidata.org/entity/Q76253875,
http://www.wikidata.org/entity/Q3311467,http://www.wikidata.org/entity/Q111028191,,
http://www.wikidata.org/entity/Q71819,http://www.wikidata.org/entity/Q37030,http://www.wikidata.org/entity/Q214999,
http://www.wikidata.org/entity/Q3081454,http://www.wikidata.org/entity/Q2959189,,
http://www.wikidata.org/entity/Q5539857,http://www.wikidata.org/entity/Q3568778,http://www.wikidata.org/entity/Q110384420,
http://www.wikidata.org/entity/Q124858876,http://www.wikidata.org/entity/Q55218048,,
http://www.wikidata.org/entity/Q3160165,http://www.wikidata.org/entity/Q3012272,,
http://www.wikidata.org/entity/Q3574074,http://www.wikidata.org/entity/Q110715620,,
http://www.wikidata.org/entity/Q15467,http://www.wikidata.org/entity/Q3732364,,
http://www.wikidata.org/entity/Q2363246,,http://www.wikidata.org/entity/Q4307603,
http://www.wikidata.org/entity/Q7922230,http://www.wikidata.org/entity/Q6287011,,
http://www.wikidata.org/entity/Q19646646,http://www.wikidata.org/entity/Q19877776,,
http://www.wikidata.org/entity/Q5341611,http://www.wikidata.org/entity/Q5341612,,
http://www.wikidata.org/entity/Q18392091,http://www.wikidata.org/entity/Q107295283,http://www.wikidata.org/entity/Q107295284,
http://www.wikidata.org/entity/Q708853,http://www.wikidata.org/entity/Q110307341,,
http://www.wikidata.org/entity/Q7405230,http://www.wikidata.org/entity/Q7932028,,
http://www.wikidata.org/entity/Q8003402,http://www.wikidata.org/entity/Q6145513,,
http://www.wikidata.org/entity/Q8619,http://www.wikidata.org/entity/Q5083036,http://www.wikidata.org/entity/Q96234851,
http://www.wikidata.org/entity/Q3484646,http://www.wikidata.org/entity/Q2844685,http://www.wikidata.org/entity/Q128262144,
http://www.wikidata.org/entity/Q7877264,http://www.wikidata.org/entity/Q111841741,,
http://www.wikidata.org/entity/Q4799633,http://www.wikidata.org/entity/Q6775798,,
http://www.wikidata.org/entity/Q105981663,http://www.wikidata.org/entity/Q2865324,,
http://www.wikidata.org/entity/Q3370985,http://www.wikidata.org/entity/Q2868982,http://www.wikidata.org/entity/Q6726269,
http://www.wikidata.org/entity/Q109011862,http://www.wikidata.org/entity/Q3167845,,
http://www.wikidata.org/entity/Q6968457,http://www.wikidata.org/entity/Q7685765,http://www.wikidata.org/entity/Q27949077,
http://www.wikidata.org/entity/Q7507748,,http://www.wikidata.org/entity/Q6514469,
http://www.wikidata.org/entity/Q2923748,http://www.wikidata.org/entity/Q55422,http://www.wikidata.org/entity/Q116014126,
http://www.wikidata.org/entity/Q742280,http://www.wikidata.org/entity/Q22003152,http://www.wikidata.org/entity/Q108675445,
http://www.wikidata.org/entity/Q78061707,http://www.wikidata.org/entity/Q109324474,http://www.wikidata.org/entity/Q103085568,
http://www.wikidata.org/entity/Q5052799,http://www.wikidata.org/entity/Q629220,,
http://www.wikidata.org/entity/Q28919982,http://www.wikidata.org/entity/Q30074801,http://www.wikidata.org/entity/Q29571080,
http://www.wikidata.org/entity/Q2277428,http://www.wikidata.org/entity/Q724921,,
http://www.wikidata.org/entity/Q3588833,http://www.wikidata.org/entity/Q102029810,http://www.wikidata.org/entity/Q102029075,
http://www.wikidata.org/entity/Q380579,http://www.wikidata.org/entity/Q2146157,http://www.wikidata.org/entity/Q7220251,
http://www.wikidata.org/entity/Q706869,http://www.wikidata.org/entity/Q4908532,,
http://www.wikidata.org/entity/Q23761322,http://www.wikidata.org/entity/Q69461905,,
http://www.wikidata.org/entity/Q379830,http://www.wikidata.org/entity/Q10565583,,
http://www.wikidata.org/entity/Q5257650,http://www.wikidata.org/entity/Q7184808,,
http://www.wikidata.org/entity/Q6847629,http://www.wikidata.org/entity/Q317842,,
http://www.wikidata.org/entity/Q263533,http://www.wikidata.org/entity/Q115933154,,
http://www.wikidata.org/entity/Q137997304,http://www.wikidata.org/entity/Q6836516,,
http://www.wikidata.org/entity/Q440283,http://www.wikidata.org/entity/Q821298,,
http://www.wikidata.org/entity/Q5258094,http://www.wikidata.org/entity/Q5107575,,
http://www.wikidata.org/entity/Q273778,,http://www.wikidata.org/entity/Q5548268,
http://www.wikidata.org/entity/Q75377310,http://www.wikidata.org/entity/Q75377307,http://www.wikidata.org/entity/Q75377309,
http://www.wikidata.org/entity/Q3531564,http://www.wikidata.org/entity/Q6775284,,
http://www.wikidata.org/entity/Q4666019,http://www.wikidata.org/entity/Q4357888,http://www.wikidata.org/entity/Q6732682,
http://www.wikidata.org/entity/Q41047444,http://www.wikidata.org/entity/Q23062165,,
http://www.wikidata.org/entity/Q17298399,http://www.wikidata.org/entity/Q1628734,,
http://www.wikidata.org/entity/Q91335927,http://www.wikidata.org/entity/Q7545169,,
http://www.wikidata.org/entity/Q1389919,http://www.wikidata.org/entity/Q4707977,,
http://www.wikidata.org/entity/Q100233537,http://www.wikidata.org/entity/Q369174,http://www.wikidata.org/entity/Q7493357,
http://www.wikidata.org/entity/Q945620,http://www.wikidata.org/entity/Q3301524,,
http://www.wikidata.org/entity/Q25936067,http://www.wikidata.org/entity/Q7283318,,
http://www.wikidata.org/entity/Q269727,,http://www.wikidata.org/entity/Q6762712,
http://www.wikidata.org/entity/Q7531680,http://www.wikidata.org/entity/Q59846569,,
http://www.wikidata.org/entity/Q101423232,http://www.wikidata.org/entity/Q101423229,,
http://www.wikidata.org/entity/Q450015,,http://www.wikidata.org/entity/Q2837172,
http://www.wikidata.org/entity/Q4065542,,http://www.wikidata.org/entity/Q460142,
http://www.wikidata.org/entity/Q220308,http://www.wikidata.org/entity/Q91258099,http://www.wikidata.org/entity/Q99670452,
http://www.wikidata.org/entity/Q136310866,,http://www.wikidata.org/entity/Q6900347,
http://www.wikidata.org/entity/Q231508,http://www.wikidata.org/entity/Q727645,http://www.wikidata.org/entity/Q119444126,
http://www.wikidata.org/entity/Q3093633,http://www.wikidata.org/entity/Q56244741,,
http://www.wikidata.org/entity/Q2834682,,http://www.wikidata.org/entity/Q2965993,
http://www.wikidata.org/entity/Q3998502,http://www.wikidata.org/entity/Q7704747,,
http://www.wikidata.org/entity/Q544593,http://www.wikidata.org/entity/Q103784,http://www.wikidata.org/entity/Q534966,
http://www.wikidata.org/entity/Q3341504,http://www.wikidata.org/entity/Q7611822,,
http://www.wikidata.org/entity/Q121879581,http://www.wikidata.org/entity/Q6185463,,
http://www.wikidata.org/entity/Q16536539,http://www.wikidata.org/entity/Q74032615,http://www.wikidata.org/entity/Q74033024,
http://www.wikidata.org/entity/Q749613,http://www.wikidata.org/entity/Q539372,,
http://www.wikidata.org/entity/Q75377313,http://www.wikidata.org/entity/Q75377307,http://www.wikidata.org/entity/Q75377309,
http://www.wikidata.org/entity/Q123903976,http://www.wikidata.org/entity/Q48966,http://www.wikidata.org/entity/Q3311609,
http://www.wikidata.org/entity/Q16183418,http://www.wikidata.org/entity/Q349704,http://www.wikidata.org/entity/Q3564328,
http://www.wikidata.org/entity/Q2975483,http://www.wikidata.org/entity/Q3237293,http://www.wikidata.org/entity/Q461399,
http://www.wikidata.org/entity/Q55219570,http://www.wikidata.org/entity/Q5443682,,
http://www.wikidata.org/entity/Q286366,http://www.wikidata.org/entity/Q3420764,http://www.wikidata.org/entity/Q533158,
http://www.wikidata.org/entity/Q3073987,,http://www.wikidata.org/entity/Q73428,
http://www.wikidata.org/entity/Q2625841,http://www.wikidata.org/entity/Q7436981,,
http://www.wikidata.org/entity/Q4954266,http://www.wikidata.org/entity/Q3218104,,
http://www.wikidata.org/entity/Q6376537,http://www.wikidata.org/entity/Q110739301,http://www.wikidata.org/entity/Q110739304,
http://www.wikidata.org/entity/Q18916,http://www.wikidata.org/entity/Q95780824,,
http://www.wikidata.org/entity/Q5217926,http://www.wikidata.org/entity/Q312129,,
http://www.wikidata.org/entity/Q374568,http://www.wikidata.org/entity/Q4934084,,
http://www.wikidata.org/entity/Q440001,http://www.wikidata.org/entity/Q3506871,,
http://www.wikidata.org/entity/Q659592,http://www.wikidata.org/entity/Q5371553,,
http://www.wikidata.org/entity/Q1367303,http://www.wikidata.org/entity/Q5144961,,
http://www.wikidata.org/entity/Q21642319,http://www.wikidata.org/entity/Q2903125,,
http://www.wikidata.org/entity/Q41697063,,http://www.wikidata.org/entity/Q67135748,
http://www.wikidata.org/entity/Q3196794,http://www.wikidata.org/entity/Q3369954,,
http://www.wikidata.org/entity/Q1571059,http://www.wikidata.org/entity/Q1385664,,
http://www.wikidata.org/entity/Q1352502,http://www.wikidata.org/entity/Q821298,,
http://www.wikidata.org/entity/Q2895584,http://www.wikidata.org/entity/Q357659,,
http://www.wikidata.org/entity/Q6187683,,http://www.wikidata.org/entity/Q5568404,
http://www.wikidata.org/entity/Q6872195,http://www.wikidata.org/entity/Q7177754,,
http://www.wikidata.org/entity/Q18379321,http://www.wikidata.org/entity/Q18685556,http://www.wikidata.org/entity/Q18685175,
http://www.wikidata.org/entity/Q116767295,http://www.wikidata.org/entity/Q7804537,http://www.wikidata.org/entity/Q236705,
http://www.wikidata.org/entity/Q4773741,http://www.wikidata.org/entity/Q6515573,http://www.wikidata.org/entity/Q27537959,
http://www.wikidata.org/entity/Q5090053,http://www.wikidata.org/entity/Q5213228,,
http://www.wikidata.org/entity/Q710955,http://www.wikidata.org/entity/Q9095970,,
http://www.wikidata.org/entity/Q30449,,http://www.wikidata.org/entity/Q100896015,
http://www.wikidata.org/entity/Q56855485,http://www.wikidata.org/entity/Q55422,http://www.wikidata.org/entity/Q116014126,
http://www.wikidata.org/entity/Q9131912,http://www.wikidata.org/entity/Q5369209,http://www.wikidata.org/entity/Q8265117,
http://www.wikidata.org/entity/Q22957911,http://www.wikidata.org/entity/Q11030048,,
http://www.wikidata.org/entity/Q3188574,http://www.wikidata.org/entity/Q584749,,
http://www.wikidata.org/entity/Q47459503,http://www.wikidata.org/entity/Q3371058,http://www.wikidata.org/entity/Q3144746,
http://www.wikidata.org/entity/Q51748571,http://www.wikidata.org/entity/Q51748297,,
http://www.wikidata.org/entity/Q59783857,http://www.wikidata.org/entity/Q3101084,,
http://www.wikidata.org/entity/Q1390137,http://www.wikidata.org/entity/Q207834,http://www.wikidata.org/entity/Q338365,
http://www.wikidata.org/entity/Q56070803,http://www.wikidata.org/entity/Q101423229,,
http://www.wikidata.org/entity/Q55081087,http://www.wikidata.org/entity/Q598964,,
http://www.wikidata.org/entity/Q487169,http://www.wikidata.org/entity/Q1417311,http://www.wikidata.org/entity/Q47529073,
http://www.wikidata.org/entity/Q6381058,http://www.wikidata.org/entity/Q715433,,
http://www.wikidata.org/entity/Q15897082,http://www.wikidata.org/entity/Q6193326,,
http://www.wikidata.org/entity/Q2395106,http://www.wikidata.org/entity/Q1157848,,
http://www.wikidata.org/entity/Q28062741,http://www.wikidata.org/entity/Q4932299,http://www.wikidata.org/entity/Q442309,
http://www.wikidata.org/entity/Q948249,http://www.wikidata.org/entity/Q16186512,,
http://www.wikidata.org/entity/Q1252523,http://www.wikidata.org/entity/Q95780824,,
http://www.wikidata.org/entity/Q379471,http://www.wikidata.org/entity/Q452557,http://www.wikidata.org/entity/Q5271184,
http://www.wikidata.org/entity/Q5042557,http://www.wikidata.org/entity/Q2459757,,
http://www.wikidata.org/entity/Q27975538,http://www.wikidata.org/entity/Q3385190,,
http://www.wikidata.org/entity/Q3050522,http://www.wikidata.org/entity/Q114789052,http://www.wikidata.org/entity/Q114789274,
http://www.wikidata.org/entity/Q292032,http://www.wikidata.org/entity/Q3289116,http://www.wikidata.org/entity/Q3026220,
http://www.wikidata.org/entity/Q6187254,http://www.wikidata.org/entity/Q64138375,,
http://www.wikidata.org/entity/Q949482,http://www.wikidata.org/entity/Q539372,,
http://www.wikidata.org/entity/Q126278117,,http://www.wikidata.org/entity/Q2400498,
http://www.wikidata.org/entity/Q2649647,,http://www.wikidata.org/entity/Q101838999,
http://www.wikidata.org/entity/Q29048577,http://www.wikidata.org/entity/Q984369,,
http://www.wikidata.org/entity/Q56318631,http://www.wikidata.org/entity/Q3099072,,
http://www.wikidata.org/entity/Q3257861,http://www.wikidata.org/entity/Q4934084,,
http://www.wikidata.org/entity/Q4834039,http://www.wikidata.org/entity/Q5107575,,
http://www.wikidata.org/entity/Q45992402,http://www.wikidata.org/entity/Q3343846,http://www.wikidata.org/entity/Q3180689,
http://www.wikidata.org/entity/Q3101798,,http://www.wikidata.org/entity/Q92504228,
http://www.wikidata.org/entity/Q5140445,,http://www.wikidata.org/entity/Q5548268,
http://www.wikidata.org/entity/Q18629061,http://www.wikidata.org/entity/Q862324,http://www.wikidata.org/entity/Q1895261,
http://www.wikidata.org/entity/Q2960989,,http://www.wikidata.org/entity/Q2925460,
http://www.wikidata.org/entity/Q23731516,http://www.wikidata.org/entity/Q312129,,
http://www.wikidata.org/entity/Q302466,http://www.wikidata.org/entity/Q4357888,,
http://www.wikidata.org/entity/Q949140,http://www.wikidata.org/entity/Q22536819,,
http://www.wikidata.org/entity/Q33240,http://www.wikidata.org/entity/Q131423935,http://www.wikidata.org/entity/Q131423816,
http://www.wikidata.org/entity/Q4025399,http://www.wikidata.org/entity/Q6170664,,
http://www.wikidata.org/entity/Q1364214,http://www.wikidata.org/entity/Q3830275,,
http://www.wikidata.org/entity/Q1723754,,http://www.wikidata.org/entity/Q6347046,
http://www.wikidata.org/entity/Q44281580,http://www.wikidata.org/entity/Q44280910,http://www.wikidata.org/entity/Q44281591,
http://www.wikidata.org/entity/Q30177812,http://www.wikidata.org/entity/Q7171852,,
http://www.wikidata.org/entity/Q56509024,http://www.wikidata.org/entity/Q3265500,http://www.wikidata.org/entity/Q528223,
http://www.wikidata.org/entity/Q2001058,,http://www.wikidata.org/entity/Q13582412,
http://www.wikidata.org/entity/Q2178104,http://www.wikidata.org/entity/Q8003476,,
http://www.wikidata.org/entity/Q978090,http://www.wikidata.org/entity/Q3301524,,
http://www.wikidata.org/entity/Q2833217,http://www.wikidata.org/entity/Q797882,,
http://www.wikidata.org/entity/Q67080288,http://www.wikidata.org/entity/Q3426587,,
http://www.wikidata.org/entity/Q717640,http://www.wikidata.org/entity/Q704724,http://www.wikidata.org/entity/Q1355106,
http://www.wikidata.org/entity/Q444131,http://www.wikidata.org/entity/Q717856,,
http://www.wikidata.org/entity/Q3302613,http://www.wikidata.org/entity/Q3385722,,
http://www.wikidata.org/entity/Q104762283,http://www.wikidata.org/entity/Q3372129,,
http://www.wikidata.org/entity/Q27445213,http://www.wikidata.org/entity/Q40504,http://www.wikidata.org/entity/Q47003901,
http://www.wikidata.org/entity/Q456041,http://www.wikidata.org/entity/Q17489346,,
http://www.wikidata.org/entity/Q6835835,http://www.wikidata.org/entity/Q133760371,,
http://www.wikidata.org/entity/Q134295371,http://www.wikidata.org/entity/Q1360791,http://www.wikidata.org/entity/Q134295935,
http://www.wikidata.org/entity/Q87323872,http://www.wikidata.org/entity/Q27804556,,
http://www.wikidata.org/entity/Q17403219,http://www.wikidata.org/entity/Q18168057,,
http://www.wikidata.org/entity/Q45186291,http://www.wikidata.org/entity/Q9354052,,
http://www.wikidata.org/entity/Q47410607,http://www.wikidata.org/entity/Q336282,,
http://www.wikidata.org/entity/Q3194150,,http://www.wikidata.org/entity/Q3094365,
http://www.wikidata.org/entity/Q19955864,,http://www.wikidata.org/entity/Q16269568,
http://www.wikidata.org/entity/Q97226176,http://www.wikidata.org/entity/Q12371405,,
http://www.wikidata.org/entity/Q458272,http://www.wikidata.org/entity/Q1417311,http://www.wikidata.org/entity/Q47529073,
http://www.wikidata.org/entity/Q117970,http://www.wikidata.org/entity/Q117538030,http://www.wikidata.org/entity/Q95605342,
http://www.wikidata.org/entity/Q109600152,,http://www.wikidata.org/entity/Q15970552,
http://www.wikidata.org/entity/Q22957506,http://www.wikidata.org/entity/Q7924873,,
http://www.wikidata.org/entity/Q21428289,http://www.wikidata.org/entity/Q3288156,http://www.wikidata.org/entity/Q24037742,
http://www.wikidata.org/entity/Q4794485,http://www.wikidata.org/entity/Q3122036,,
http://www.wikidata.org/entity/Q16232111,http://www.wikidata.org/entity/Q6170664,,
http://www.wikidata.org/entity/Q6125030,http://www.wikidata.org/entity/Q116980048,,
http://www.wikidata.org/entity/Q28062745,http://www.wikidata.org/entity/Q4932299,http://www.wikidata.org/entity/Q442309,
http://www.wikidata.org/entity/Q80407,http://www.wikidata.org/entity/Q724549,,
http://www.wikidata.org/entity/Q59782691,http://www.wikidata.org/entity/Q6397196,,
http://www.wikidata.org/entity/Q1411183,http://www.wikidata.org/entity/Q1900369,,
http://www.wikidata.org/entity/Q29169109,http://www.wikidata.org/entity/Q910625,,
http://www.wikidata.org/entity/Q4960824,http://www.wikidata.org/entity/Q364739,,
http://www.wikidata.org/entity/Q11734751,http://www.wikidata.org/entity/Q209518,http://www.wikidata.org/entity/Q3132470,
http://www.wikidata.org/entity/Q162929,http://www.wikidata.org/entity/Q1173301,http://www.wikidata.org/entity/Q9347607,
http://www.wikidata.org/entity/Q13858351,http://www.wikidata.org/entity/Q1400508,,
http://www.wikidata.org/entity/Q2997272,http://www.wikidata.org/entity/Q16186512,,
http://www.wikidata.org/entity/Q898192,http://www.wikidata.org/entity/Q723807,,
http://www.wikidata.org/entity/Q16083536,http://www.wikidata.org/entity/Q7606514,http://www.wikidata.org/entity/Q135681860,
http://www.wikidata.org/entity/Q3183456,http://www.wikidata.org/entity/Q357502,,
http://www.wikidata.org/entity/Q551861,http://www.wikidata.org/entity/Q3286945,,
http://www.wikidata.org/entity/Q15056214,http://www.wikidata.org/entity/Q862324,http://www.wikidata.org/entity/Q1895261,
http://www.wikidata.org/entity/Q1375412,http://www.wikidata.org/entity/Q888081,,
http://www.wikidata.org/entity/Q303360,http://www.wikidata.org/entity/Q2423028,,
http://www.wikidata.org/entity/Q43056076,http://www.wikidata.org/entity/Q511414,,
http://www.wikidata.org/entity/Q17490468,http://www.wikidata.org/entity/Q395274,http://www.wikidata.org/entity/Q275958,
http://www.wikidata.org/entity/Q964976,http://www.wikidata.org/entity/Q5605857,,
http://www.wikidata.org/entity/Q6379175,http://www.wikidata.org/entity/Q6379920,,
http://www.wikidata.org/entity/Q111916816,http://www.wikidata.org/entity/Q111917073,,
http://www.wikidata.org/entity/Q22957541,http://www.wikidata.org/entity/Q1455207,,
http://www.wikidata.org/entity/Q28837447,http://www.wikidata.org/entity/Q7331532,http://www.wikidata.org/entity/Q6681651,
http://www.wikidata.org/entity/Q16232845,http://www.wikidata.org/entity/Q6127978,,
http://www.wikidata.org/entity/Q60215318,http://www.wikidata.org/entity/Q105221,http://www.wikidata.org/entity/Q452169,
http://www.wikidata.org/entity/Q117848975,,http://www.wikidata.org/entity/Q56560621,
http://www.wikidata.org/entity/Q20528546,http://www.wikidata.org/entity/Q12359428,,
http://www.wikidata.org/entity/Q3319624,http://www.wikidata.org/entity/Q18157773,,
http://www.wikidata.org/entity/Q16406610,http://www.wikidata.org/entity/Q16404964,http://www.wikidata.org/entity/Q12378482,
http://www.wikidata.org/entity/Q75872818,http://www.wikidata.org/entity/Q75872813,http://www.wikidata.org/entity/Q75872816,
http://www.wikidata.org/entity/Q45023233,http://www.wikidata.org/entity/Q1356438,,
http://www.wikidata.org/entity/Q3048138,http://www.wikidata.org/entity/Q6103868,,
http://www.wikidata.org/entity/Q21338413,http://www.wikidata.org/entity/Q28777232,,
http://www.wikidata.org/entity/Q3261910,http://www.wikidata.org/entity/Q3588507,,
http://www.wikidata.org/entity/Q3573656,http://www.wikidata.org/entity/Q59783490,,
http://www.wikidata.org/entity/Q16406898,http://www.wikidata.org/entity/Q28357567,,
http://www.wikidata.org/entity/Q120916719,http://www.wikidata.org/entity/Q120917674,,
http://www.wikidata.org/entity/Q28939011,http://www.wikidata.org/entity/Q364650,http://www.wikidata.org/entity/Q75870217,
http://www.wikidata.org/entity/Q7052689,http://www.wikidata.org/entity/Q6119096,,
http://www.wikidata.org/entity/Q3158889,http://www.wikidata.org/entity/Q130294767,,
http://www.wikidata.org/entity/Q18540927,http://www.wikidata.org/entity/Q714286,,
http://www.wikidata.org/entity/Q6381669,http://www.wikidata.org/entity/Q1126138,,
http://www.wikidata.org/entity/Q55824163,http://www.wikidata.org/entity/Q2023310,,
http://www.wikidata.org/entity/Q966679,http://www.wikidata.org/entity/Q21608121,http://www.wikidata.org/entity/Q131311032,
http://www.wikidata.org/entity/Q2848958,http://www.wikidata.org/entity/Q23969523,http://www.wikidata.org/entity/Q99232245,
http://www.wikidata.org/entity/Q7372812,http://www.wikidata.org/entity/Q2839802,,
http://www.wikidata.org/entity/Q75552051,http://www.wikidata.org/entity/Q75552045,http://www.wikidata.org/entity/Q75552049,
http://www.wikidata.org/entity/Q2605542,,http://www.wikidata.org/entity/Q2841017,
http://www.wikidata.org/entity/Q59886575,http://www.wikidata.org/entity/Q24266848,,
http://www.wikidata.org/entity/Q64633969,,http://www.wikidata.org/entity/Q43782315,
http://www.wikidata.org/entity/Q3121542,http://www.wikidata.org/entity/Q110715620,,
http://www.wikidata.org/entity/Q131271137,http://www.wikidata.org/entity/Q3089776,,
http://www.wikidata.org/entity/Q109773415,http://www.wikidata.org/entity/Q113558983,,
http://www.wikidata.org/entity/Q5301737,http://www.wikidata.org/entity/Q116865132,,
http://www.wikidata.org/entity/Q3275771,http://www.wikidata.org/entity/Q16027724,,
http://www.wikidata.org/entity/Q111030005,http://www.wikidata.org/entity/Q2024760,,
http://www.wikidata.org/entity/Q130719139,http://www.wikidata.org/entity/Q130719141,,
http://www.wikidata.org/entity/Q112037476,http://www.wikidata.org/entity/Q55023425,,
http://www.wikidata.org/entity/Q3275641,http://www.wikidata.org/entity/Q130294767,,
http://www.wikidata.org/entity/Q381007,http://www.wikidata.org/entity/Q97068068,http://www.wikidata.org/entity/Q97068113,
http://www.wikidata.org/entity/Q104681606,http://www.wikidata.org/entity/Q94361359,,
http://www.wikidata.org/entity/Q131195769,http://www.wikidata.org/entity/Q94648034,,
http://www.wikidata.org/entity/Q59533296,http://www.wikidata.org/entity/Q4668739,,
http://www.wikidata.org/entity/Q5040472,http://www.wikidata.org/entity/Q7799864,,
http://www.wikidata.org/entity/Q5450538,http://www.wikidata.org/entity/Q5450537,,
http://www.wikidata.org/entity/Q2334954,http://www.wikidata.org/entity/Q15995918,,
http://www.wikidata.org/entity/Q603514,http://www.wikidata.org/entity/Q2438940,,
http://www.wikidata.org/entity/Q8016837,http://www.wikidata.org/entity/Q7297947,,
http://www.wikidata.org/entity/Q3262982,http://www.wikidata.org/entity/Q97068944,http://www.wikidata.org/entity/Q97069107,
http://www.wikidata.org/entity/Q107340667,http://www.wikidata.org/entity/Q125739193,,
http://www.wikidata.org/entity/Q23683386,http://www.wikidata.org/entity/Q94635737,,
http://www.wikidata.org/entity/Q78510,http://www.wikidata.org/entity/Q1773729,,
http://www.wikidata.org/entity/Q3507205,http://www.wikidata.org/entity/Q59654257,,
http://www.wikidata.org/entity/Q59783267,http://www.wikidata.org/entity/Q59783265,,
http://www.wikidata.org/entity/Q3094111,http://www.wikidata.org/entity/Q6686396,,
http://www.wikidata.org/entity/Q6171389,http://www.wikidata.org/entity/Q2825251,,
http://www.wikidata.org/entity/Q456476,http://www.wikidata.org/entity/Q97068618,http://www.wikidata.org/entity/Q97068675,
http://www.wikidata.org/entity/Q6591377,http://www.wikidata.org/entity/Q2966038,,
http://www.wikidata.org/entity/Q1346291,http://www.wikidata.org/entity/Q2474750,http://www.wikidata.org/entity/Q76190613,
http://www.wikidata.org/entity/Q3527345,http://www.wikidata.org/entity/Q3270638,,
http://www.wikidata.org/entity/Q5217219,,http://www.wikidata.org/entity/Q107189476,
http://www.wikidata.org/entity/Q47512087,http://www.wikidata.org/entity/Q75297899,http://www.wikidata.org/entity/Q76091541,
http://www.wikidata.org/entity/Q104150715,http://www.wikidata.org/entity/Q531461,,
http://www.wikidata.org/entity/Q29298463,http://www.wikidata.org/entity/Q28784146,,
http://www.wikidata.org/entity/Q975848,http://www.wikidata.org/entity/Q130294767,,
http://www.wikidata.org/entity/Q281904,http://www.wikidata.org/entity/Q1475958,,
http://www.wikidata.org/entity/Q3173747,http://www.wikidata.org/entity/Q97068944,,
http://www.wikidata.org/entity/Q5162611,http://www.wikidata.org/entity/Q75780073,,
http://www.wikidata.org/entity/Q63283668,,http://www.wikidata.org/entity/Q123284370,
http://www.wikidata.org/entity/Q426787,http://www.wikidata.org/entity/Q110811770,http://www.wikidata.org/entity/Q255934,
http://www.wikidata.org/entity/Q7360379,http://www.wikidata.org/entity/Q6119096,,
http://www.wikidata.org/entity/Q274257,http://www.wikidata.org/entity/Q3265664,,
http://www.wikidata.org/entity/Q3291691,http://www.wikidata.org/entity/Q2957900,,
http://www.wikidata.org/entity/Q3506003,http://www.wikidata.org/entity/Q51457039,,
http://www.wikidata.org/entity/Q3290669,http://www.wikidata.org/entity/Q1564073,,
http://www.wikidata.org/entity/Q6220017,http://www.wikidata.org/entity/Q3180972,,
http://www.wikidata.org/entity/Q2977734,http://www.wikidata.org/entity/Q2023310,,
http://www.wikidata.org/entity/Q131577309,http://www.wikidata.org/entity/Q131577115,http://www.wikidata.org/entity/Q99528939,
http://www.wikidata.org/entity/Q136109149,http://www.wikidata.org/entity/Q136109141,,
http://www.wikidata.org/entity/Q5345021,http://www.wikidata.org/entity/Q107183733,http://www.wikidata.org/entity/Q51457100,
http://www.wikidata.org/entity/Q75585434,http://www.wikidata.org/entity/Q75585419,http://www.wikidata.org/entity/Q75585432,
http://www.wikidata.org/entity/Q5620094,http://www.wikidata.org/entity/Q4886757,,
http://www.wikidata.org/entity/Q6389967,http://www.wikidata.org/entity/Q5546378,,
http://www.wikidata.org/entity/Q8062339,http://www.wikidata.org/entity/Q100698308,,
http://www.wikidata.org/entity/Q3012388,http://www.wikidata.org/entity/Q11850454,,
http://www.wikidata.org/entity/Q3375571,http://www.wikidata.org/entity/Q3184237,,
http://www.wikidata.org/entity/Q3158921,http://www.wikidata.org/entity/Q3261920,,
http://www.wikidata.org/entity/Q6490095,http://www.wikidata.org/entity/Q5342569,,
http://www.wikidata.org/entity/Q137921559,http://www.wikidata.org/entity/Q16408106,,
http://www.wikidata.org/entity/Q978076,http://www.wikidata.org/entity/Q11293743,,
http://www.wikidata.org/entity/Q59783398,http://www.wikidata.org/entity/Q477331,,
http://www.wikidata.org/entity/Q125865084,http://www.wikidata.org/entity/Q125867878,,
http://www.wikidata.org/entity/Q3435686,http://www.wikidata.org/entity/Q3105770,,
http://www.wikidata.org/entity/Q137722683,,http://www.wikidata.org/entity/Q61936975,
http://www.wikidata.org/entity/Q19594733,,http://www.wikidata.org/entity/Q6187788,
http://www.wikidata.org/entity/Q55719961,http://www.wikidata.org/entity/Q130294767,,
http://www.wikidata.org/entity/Q98121730,http://www.wikidata.org/entity/Q77954842,,
http://www.wikidata.org/entity/Q1677284,http://www.wikidata.org/entity/Q56193842,http://www.wikidata.org/entity/Q56193862,
http://www.wikidata.org/entity/Q5662378,http://www.wikidata.org/entity/Q17479147,,
http://www.wikidata.org/entity/Q3106282,http://www.wikidata.org/entity/Q3184238,,
http://www.wikidata.org/entity/Q6390386,http://www.wikidata.org/entity/Q116865132,,
http://www.wikidata.org/entity/Q137791520,http://www.wikidata.org/entity/Q4397581,,
http://www.wikidata.org/entity/Q17426419,http://www.wikidata.org/entity/Q4685164,http://www.wikidata.org/entity/Q75448843,
http://www.wikidata.org/entity/Q5071161,http://www.wikidata.org/entity/Q29980297,,
http://www.wikidata.org/entity/Q2484078,http://www.wikidata.org/entity/Q3129239,,
http://www.wikidata.org/entity/Q1558930,http://www.wikidata.org/entity/Q1475958,,
http://www.wikidata.org/entity/Q123090199,http://www.wikidata.org/entity/Q21061436,,
http://www.wikidata.org/entity/Q5537902,http://www.wikidata.org/entity/Q5536395,http://www.wikidata.org/entity/Q75294133,
http://www.wikidata.org/entity/Q3371061,http://www.wikidata.org/entity/Q97068944,http://www.wikidata.org/entity/Q97069107,
http://www.wikidata.org/entity/Q384285,,http://www.wikidata.org/entity/Q128314028,
http://www.wikidata.org/entity/Q2966560,http://www.wikidata.org/entity/Q107296492,,
http://www.wikidata.org/entity/Q3381859,http://www.wikidata.org/entity/Q711851,http://www.wikidata.org/entity/Q3461581,
http://www.wikidata.org/entity/Q3481750,http://www.wikidata.org/entity/Q1945178,,
http://www.wikidata.org/entity/Q13580337,http://www.wikidata.org/entity/Q27596301,,
http://www.wikidata.org/entity/Q96146288,http://www.wikidata.org/entity/Q6282162,,
http://www.wikidata.org/entity/Q7799899,http://www.wikidata.org/entity/Q96242009,http://www.wikidata.org/entity/Q96242025,
http://www.wikidata.org/entity/Q3379517,http://www.wikidata.org/entity/Q7169599,,
http://www.wikidata.org/entity/Q136361430,http://www.wikidata.org/entity/Q5487032,http://www.wikidata.org/entity/Q136883303,
http://www.wikidata.org/entity/Q3086651,http://www.wikidata.org/entity/Q6792884,,
http://www.wikidata.org/entity/Q42720174,,http://www.wikidata.org/entity/Q115924489,
http://www.wikidata.org/entity/Q3320823,http://www.wikidata.org/entity/Q51457039,,
http://www.wikidata.org/entity/Q76073909,http://www.wikidata.org/entity/Q76073780,http://www.wikidata.org/entity/Q76073908,
http://www.wikidata.org/entity/Q42720450,http://www.wikidata.org/entity/Q136465268,http://www.wikidata.org/entity/Q136465288,
http://www.wikidata.org/entity/Q927934,http://www.wikidata.org/entity/Q128797576,http://www.wikidata.org/entity/Q128797585,
http://www.wikidata.org/entity/Q1335034,http://www.wikidata.org/entity/Q128604,http://www.wikidata.org/entity/Q6781673,
http://www.wikidata.org/entity/Q19659977,http://www.wikidata.org/entity/Q15499823,,
http://www.wikidata.org/entity/Q52157461,,http://www.wikidata.org/entity/Q464870,
http://www.wikidata.org/entity/Q55218797,http://www.wikidata.org/entity/Q52156555,,
http://www.wikidata.org/entity/Q15298870,http://www.wikidata.org/entity/Q96073315,http://www.wikidata.org/entity/Q96072540,
http://www.wikidata.org/entity/Q17404074,http://www.wikidata.org/entity/Q6255672,,
http://www.wikidata.org/entity/Q3441345,http://www.wikidata.org/entity/Q2934056,,
http://www.wikidata.org/entity/Q6137059,http://www.wikidata.org/entity/Q1738850,,
http://www.wikidata.org/entity/Q3384466,http://www.wikidata.org/entity/Q75585481,http://www.wikidata.org/entity/Q75585484,
http://www.wikidata.org/entity/Q55218438,http://www.wikidata.org/entity/Q3124190,,
http://www.wikidata.org/entity/Q101406313,http://www.wikidata.org/entity/Q5093702,,
http://www.wikidata.org/entity/Q6204935,http://www.wikidata.org/entity/Q5462393,,
http://www.wikidata.org/entity/Q76186956,http://www.wikidata.org/entity/Q76186777,http://www.wikidata.org/entity/Q76186811,
http://www.wikidata.org/entity/Q3018474,http://www.wikidata.org/entity/Q106919050,http://www.wikidata.org/entity/Q106919051,
http://www.wikidata.org/entity/Q111444892,http://www.wikidata.org/entity/Q27063207,,
http://www.wikidata.org/entity/Q28496417,http://www.wikidata.org/entity/Q7912510,,
http://www.wikidata.org/entity/Q7348049,http://www.wikidata.org/entity/Q3127880,,
http://www.wikidata.org/entity/Q938973,http://www.wikidata.org/entity/Q5259618,,
http://www.wikidata.org/entity/Q545644,http://www.wikidata.org/entity/Q974089,http://www.wikidata.org/entity/Q957352,
http://www.wikidata.org/entity/Q18685700,http://www.wikidata.org/entity/Q97069266,http://www.wikidata.org/entity/Q97069285,
http://www.wikidata.org/entity/Q3085061,http://www.wikidata.org/entity/Q3514994,,
http://www.wikidata.org/entity/Q20006921,http://www.wikidata.org/entity/Q365496,,
http://www.wikidata.org/entity/Q111661500,http://www.wikidata.org/entity/Q2864956,,
http://www.wikidata.org/entity/Q4909416,http://www.wikidata.org/entity/Q5473707,,
http://www.wikidata.org/entity/Q115523510,http://www.wikidata.org/entity/Q7929690,,
http://www.wikidata.org/entity/Q3069137,http://www.wikidata.org/entity/Q3370346,,
http://www.wikidata.org/entity/Q4711090,http://www.wikidata.org/entity/Q107183733,http://www.wikidata.org/entity/Q51457100,
http://www.wikidata.org/entity/Q58001462,,http://www.wikidata.org/entity/Q106978483,
http://www.wikidata.org/entity/Q716907,http://www.wikidata.org/entity/Q3081656,http://www.wikidata.org/entity/Q3291204,
http://www.wikidata.org/entity/Q7344008,http://www.wikidata.org/entity/Q5580392,,
http://www.wikidata.org/entity/Q237825,http://www.wikidata.org/entity/Q163087,,
http://www.wikidata.org/entity/Q180374,http://www.wikidata.org/entity/Q137259167,,
http://www.wikidata.org/entity/Q1354016,http://www.wikidata.org/entity/Q2665524,http://www.wikidata.org/entity/Q76257724,
http://www.wikidata.org/entity/Q14949635,http://www.wikidata.org/entity/Q16000414,,
http://www.wikidata.org/entity/Q6385150,http://www.wikidata.org/entity/Q127779,,
http://www.wikidata.org/entity/Q107478570,http://www.wikidata.org/entity/Q18738700,,
http://www.wikidata.org/entity/Q128568,,http://www.wikidata.org/entity/Q7188621,
http://www.wikidata.org/entity/Q58217616,http://www.wikidata.org/entity/Q134691467,,
http://www.wikidata.org/entity/Q106171243,http://www.wikidata.org/entity/Q135715722,http://www.wikidata.org/entity/Q136328056,
http://www.wikidata.org/entity/Q126910706,http://www.wikidata.org/entity/Q126910676,,
http://www.wikidata.org/entity/Q59315830,http://www.wikidata.org/entity/Q59316306,,
http://www.wikidata.org/entity/Q1452238,http://www.wikidata.org/entity/Q126904635,,
http://www.wikidata.org/entity/Q862052,http://www.wikidata.org/entity/Q101114351,,
http://www.wikidata.org/entity/Q5254333,http://www.wikidata.org/entity/Q131577115,http://www.wikidata.org/entity/Q99528939,
http://www.wikidata.org/entity/Q135916437,http://www.wikidata.org/entity/Q116946281,,
http://www.wikidata.org/entity/Q190523,http://www.wikidata.org/entity/Q76012234,http://www.wikidata.org/entity/Q28883412,
http://www.wikidata.org/entity/Q16916397,http://www.wikidata.org/entity/Q3132729,http://www.wikidata.org/entity/Q3314597,
http://www.wikidata.org/entity/Q89482349,http://www.wikidata.org/entity/Q69576284,,
http://www.wikidata.org/entity/Q133272573,http://www.wikidata.org/entity/Q12298562,,
http://www.wikidata.org/entity/Q134397087,http://www.wikidata.org/entity/Q27178338,,
http://www.wikidata.org/entity/Q27909580,http://www.wikidata.org/entity/Q7407207,,
http://www.wikidata.org/entity/Q5580189,http://www.wikidata.org/entity/Q476995,http://www.wikidata.org/entity/Q2918254,
http://www.wikidata.org/entity/Q5858604,http://www.wikidata.org/entity/Q1108528,,
http://www.wikidata.org/entity/Q6373860,,http://www.wikidata.org/entity/Q6681660,
http://www.wikidata.org/entity/Q7183102,http://www.wikidata.org/entity/Q7183494,,
http://www.wikidata.org/entity/Q7301901,,http://www.wikidata.org/entity/Q23771705,
http://www.wikidata.org/entity/Q3645473,http://www.wikidata.org/entity/Q707440,,
http://www.wikidata.org/entity/Q1176155,http://www.wikidata.org/entity/Q1000556,,
http://www.wikidata.org/entity/Q3309730,http://www.wikidata.org/entity/Q3184279,,
http://www.wikidata.org/entity/Q329744,http://www.wikidata.org/entity/Q57768184,http://www.wikidata.org/entity/Q57768046,
http://www.wikidata.org/entity/Q3017499,http://www.wikidata.org/entity/Q7407182,,
http://www.wikidata.org/entity/Q6846514,http://www.wikidata.org/entity/Q7052145,,
http://www.wikidata.org/entity/Q85855043,http://www.wikidata.org/entity/Q59783287,,
http://www.wikidata.org/entity/Q273830,http://www.wikidata.org/entity/Q936132,http://www.wikidata.org/entity/Q30152787,
http://www.wikidata.org/entity/Q27735015,http://www.wikidata.org/entity/Q2830463,,
http://www.wikidata.org/entity/Q7348042,http://www.wikidata.org/entity/Q2834609,,
http://www.wikidata.org/entity/Q16145185,http://www.wikidata.org/entity/Q16017771,,
http://www.wikidata.org/entity/Q317842,http://www.wikidata.org/entity/Q3435686,,
http://www.wikidata.org/entity/Q2178753,http://www.wikidata.org/entity/Q3069176,,
http://www.wikidata.org/entity/Q1556889,http://www.wikidata.org/entity/Q137699487,,
http://www.wikidata.org/entity/Q75990275,http://www.wikidata.org/entity/Q75800832,http://www.wikidata.org/entity/Q75800829,
http://www.wikidata.org/entity/Q3014191,http://www.wikidata.org/entity/Q3265549,,
http://www.wikidata.org/entity/Q3022580,http://www.wikidata.org/entity/Q2641870,http://www.wikidata.org/entity/Q3260043,
http://www.wikidata.org/entity/Q57817933,http://www.wikidata.org/entity/Q12284630,,
http://www.wikidata.org/entity/Q7050133,,http://www.wikidata.org/entity/Q5648723,
http://www.wikidata.org/entity/Q7815979,http://www.wikidata.org/entity/Q16011572,,
http://www.wikidata.org/entity/Q23062165,http://www.wikidata.org/entity/Q16090526,,
http://www.wikidata.org/entity/Q16149881,http://www.wikidata.org/entity/Q4895252,,
http://www.wikidata.org/entity/Q6766553,,http://www.wikidata.org/entity/Q2279367,
http://www.wikidata.org/entity/Q45838757,http://www.wikidata.org/entity/Q8298567,,
http://www.wikidata.org/entity/Q2965755,http://www.wikidata.org/entity/Q3420752,,
http://www.wikidata.org/entity/Q7326608,http://www.wikidata.org/entity/Q5723431,,
http://www.wikidata.org/entity/Q381329,http://www.wikidata.org/entity/Q5231569,,
http://www.wikidata.org/entity/Q16627247,,http://www.wikidata.org/entity/Q4089877,
http://www.wikidata.org/entity/Q6382168,http://www.wikidata.org/entity/Q548746,,
http://www.wikidata.org/entity/Q2848965,http://www.wikidata.org/entity/Q1535766,,
http://www.wikidata.org/entity/Q16149500,http://www.wikidata.org/entity/Q5542127,,
http://www.wikidata.org/entity/Q3310711,http://www.wikidata.org/entity/Q3436171,,
http://www.wikidata.org/entity/Q2978463,http://www.wikidata.org/entity/Q3288751,,
http://www.wikidata.org/entity/Q3723401,http://www.wikidata.org/entity/Q75964753,http://www.wikidata.org/entity/Q75964755,
http://www.wikidata.org/entity/Q6832621,http://www.wikidata.org/entity/Q517674,http://www.wikidata.org/entity/Q3290515,
http://www.wikidata.org/entity/Q540455,http://www.wikidata.org/entity/Q705572,http://www.wikidata.org/entity/Q104147019,
http://www.wikidata.org/entity/Q3430691,http://www.wikidata.org/entity/Q3351077,http://www.wikidata.org/entity/Q3175921,
http://www.wikidata.org/entity/Q18686385,http://www.wikidata.org/entity/Q2830463,,
http://www.wikidata.org/entity/Q47008977,http://www.wikidata.org/entity/Q3713512,,
http://www.wikidata.org/entity/Q65563139,http://www.wikidata.org/entity/Q3121834,http://www.wikidata.org/entity/Q111444892,
http://www.wikidata.org/entity/Q2837264,http://www.wikidata.org/entity/Q4798565,,
http://www.wikidata.org/entity/Q26921690,http://www.wikidata.org/entity/Q3121542,,
http://www.wikidata.org/entity/Q7182190,http://www.wikidata.org/entity/Q75941521,http://www.wikidata.org/entity/Q75940675,
http://www.wikidata.org/entity/Q6149793,http://www.wikidata.org/entity/Q6989204,,
http://www.wikidata.org/entity/Q55722294,http://www.wikidata.org/entity/Q2957904,,
http://www.wikidata.org/entity/Q44014599,,http://www.wikidata.org/entity/Q24264609,
http://www.wikidata.org/entity/Q105221,http://www.wikidata.org/entity/Q109773415,,
http://www.wikidata.org/entity/Q3101399,http://www.wikidata.org/entity/Q5536475,,
http://www.wikidata.org/entity/Q3017672,http://www.wikidata.org/entity/Q3434815,http://www.wikidata.org/entity/Q3275641,
http://www.wikidata.org/entity/Q3814322,http://www.wikidata.org/entity/Q707440,,
http://www.wikidata.org/entity/Q24264611,http://www.wikidata.org/entity/Q24264575,,
http://www.wikidata.org/entity/Q16151726,http://www.wikidata.org/entity/Q1026120,,
http://www.wikidata.org/entity/Q44742394,http://www.wikidata.org/entity/Q28839314,,
http://www.wikidata.org/entity/Q558221,http://www.wikidata.org/entity/Q40217135,,
http://www.wikidata.org/entity/Q23771705,http://www.wikidata.org/entity/Q6914947,,
http://www.wikidata.org/entity/Q276205,http://www.wikidata.org/entity/Q7925819,http://www.wikidata.org/entity/Q5549729,
http://www.wikidata.org/entity/Q4864782,http://www.wikidata.org/entity/Q89289,,
http://www.wikidata.org/entity/Q110830829,http://www.wikidata.org/entity/Q110830825,,
http://www.wikidata.org/entity/Q112004236,http://www.wikidata.org/entity/Q112004403,http://www.wikidata.org/entity/Q112004438,
http://www.wikidata.org/entity/Q16591558,http://www.wikidata.org/entity/Q330334,,
http://www.wikidata.org/entity/Q2897737,http://www.wikidata.org/entity/Q3069102,,
http://www.wikidata.org/entity/Q2965613,,http://www.wikidata.org/entity/Q3162082,
http://www.wikidata.org/entity/Q30321593,http://www.wikidata.org/entity/Q65082,,
http://www.wikidata.org/entity/Q3093946,http://www.wikidata.org/entity/Q3289374,,
http://www.wikidata.org/entity/Q3100627,http://www.wikidata.org/entity/Q3130990,,
http://www.wikidata.org/entity/Q3198755,,http://www.wikidata.org/entity/Q98593309,
http://www.wikidata.org/entity/Q3286807,http://www.wikidata.org/entity/Q3385009,,
http://www.wikidata.org/entity/Q3379831,http://www.wikidata.org/entity/Q138004700,,
http://www.wikidata.org/entity/Q3260708,http://www.wikidata.org/entity/Q114670432,,
http://www.wikidata.org/entity/Q314935,http://www.wikidata.org/entity/Q25239647,,
http://www.wikidata.org/entity/Q93449034,,http://www.wikidata.org/entity/Q93449659,
http://www.wikidata.org/entity/Q53586161,http://www.wikidata.org/entity/Q773049,http://www.wikidata.org/entity/Q56285580,
http://www.wikidata.org/entity/Q7283151,http://www.wikidata.org/entity/Q9163101,,
http://www.wikidata.org/entity/Q63798711,http://www.wikidata.org/entity/Q3309251,http://www.wikidata.org/entity/Q3484646,
http://www.wikidata.org/entity/Q12960004,http://www.wikidata.org/entity/Q12786036,,
http://www.wikidata.org/entity/Q55627112,http://www.wikidata.org/entity/Q3123613,,
http://www.wikidata.org/entity/Q3290600,,http://www.wikidata.org/entity/Q1147403,
http://www.wikidata.org/entity/Q3313820,http://www.wikidata.org/entity/Q124758398,,
http://www.wikidata.org/entity/Q4086031,http://www.wikidata.org/entity/Q16335471,,
http://www.wikidata.org/entity/Q6213572,http://www.wikidata.org/entity/Q4410522,http://www.wikidata.org/entity/Q115199773,
http://www.wikidata.org/entity/Q711263,http://www.wikidata.org/entity/Q5231569,,
http://www.wikidata.org/entity/Q5585214,http://www.wikidata.org/entity/Q130638611,,
http://www.wikidata.org/entity/Q16243873,http://www.wikidata.org/entity/Q3370985,http://www.wikidata.org/entity/Q58468244,
http://www.wikidata.org/entity/Q11692482,http://www.wikidata.org/entity/Q3310750,http://www.wikidata.org/entity/Q65709308,
http://www.wikidata.org/entity/Q123284482,http://www.wikidata.org/entity/Q63283668,http://www.wikidata.org/entity/Q60028311,
http://www.wikidata.org/entity/Q2975129,http://www.wikidata.org/entity/Q3439533,,
http://www.wikidata.org/entity/Q3035057,http://www.wikidata.org/entity/Q3309251,http://www.wikidata.org/entity/Q3484646,
http://www.wikidata.org/entity/Q3371479,http://www.wikidata.org/entity/Q3419188,,
http://www.wikidata.org/entity/Q4685093,http://www.wikidata.org/entity/Q59533296,,
http://www.wikidata.org/entity/Q3336656,http://www.wikidata.org/entity/Q55722407,http://www.wikidata.org/entity/Q106643465,
http://www.wikidata.org/entity/Q5246201,http://www.wikidata.org/entity/Q707440,,
http://www.wikidata.org/entity/Q15918208,,http://www.wikidata.org/entity/Q3242515,
http://www.wikidata.org/entity/Q352624,http://www.wikidata.org/entity/Q358519,http://www.wikidata.org/entity/Q5146260,
http://www.wikidata.org/entity/Q7436981,http://www.wikidata.org/entity/Q4895252,,
http://www.wikidata.org/entity/Q3341079,http://www.wikidata.org/entity/Q3124127,,
http://www.wikidata.org/entity/Q2976649,http://www.wikidata.org/entity/Q3102068,,
http://www.wikidata.org/entity/Q56000392,http://www.wikidata.org/entity/Q102394277,,
http://www.wikidata.org/entity/Q44280910,http://www.wikidata.org/entity/Q109313489,,
http://www.wikidata.org/entity/Q22110364,http://www.wikidata.org/entity/Q2529115,,
http://www.wikidata.org/entity/Q928118,http://www.wikidata.org/entity/Q6217965,,
http://www.wikidata.org/entity/Q1159082,http://www.wikidata.org/entity/Q5217219,,
http://www.wikidata.org/entity/Q3371058,http://www.wikidata.org/entity/Q3371061,http://www.wikidata.org/entity/Q18685700,
http://www.wikidata.org/entity/Q1892814,http://www.wikidata.org/entity/Q67152995,http://www.wikidata.org/entity/Q67153065,
http://www.wikidata.org/entity/Q3180694,,http://www.wikidata.org/entity/Q28835038,
http://www.wikidata.org/entity/Q7153876,http://www.wikidata.org/entity/Q8018979,,
http://www.wikidata.org/entity/Q97118787,http://www.wikidata.org/entity/Q5126274,,
http://www.wikidata.org/entity/Q119444126,http://www.wikidata.org/entity/Q707440,,
http://www.wikidata.org/entity/Q2851265,http://www.wikidata.org/entity/Q3165199,,
http://www.wikidata.org/entity/Q3421127,http://www.wikidata.org/entity/Q16091616,,
http://www.wikidata.org/entity/Q2935085,http://www.wikidata.org/entity/Q3343524,,
http://www.wikidata.org/entity/Q3341082,http://www.wikidata.org/entity/Q3289184,,
http://www.wikidata.org/entity/Q3337811,,http://www.wikidata.org/entity/Q120598650,
http://www.wikidata.org/entity/Q3161899,http://www.wikidata.org/entity/Q7348049,,
http://www.wikidata.org/entity/Q2258316,http://www.wikidata.org/entity/Q1404934,,
http://www.wikidata.org/entity/Q773417,http://www.wikidata.org/entity/Q3840974,,
http://www.wikidata.org/entity/Q9276232,http://www.wikidata.org/entity/Q5536475,,
http://www.wikidata.org/entity/Q568204,http://www.wikidata.org/entity/Q3012565,,
http://www.wikidata.org/entity/Q21583193,,http://www.wikidata.org/entity/Q56284754,
http://www.wikidata.org/entity/Q75338903,http://www.wikidata.org/entity/Q22222613,http://www.wikidata.org/entity/Q75338899,
http://www.wikidata.org/entity/Q366456,http://www.wikidata.org/entity/Q3270913,,
http://www.wikidata.org/entity/Q23774015,http://www.wikidata.org/entity/Q2848018,,
http://www.wikidata.org/entity/Q7172593,http://www.wikidata.org/entity/Q109773415,,
http://www.wikidata.org/entity/Q30115208,http://www.wikidata.org/entity/Q3069172,,
http://www.wikidata.org/entity/Q3336588,http://www.wikidata.org/entity/Q3172235,,
http://www.wikidata.org/entity/Q116176615,http://www.wikidata.org/entity/Q5585265,http://www.wikidata.org/entity/Q116176592,
http://www.wikidata.org/entity/Q125087755,http://www.wikidata.org/entity/Q644864,,
http://www.wikidata.org/entity/Q20902401,http://www.wikidata.org/entity/Q4945352,,
http://www.wikidata.org/entity/Q3084517,http://www.wikidata.org/entity/Q290093,,
http://www.wikidata.org/entity/Q3098566,http://www.wikidata.org/entity/Q4410522,http://www.wikidata.org/entity/Q115199773,
http://www.wikidata.org/entity/Q56033722,http://www.wikidata.org/entity/Q123406871,,
http://www.wikidata.org/entity/Q7051543,http://www.wikidata.org/entity/Q463038,,
http://www.wikidata.org/entity/Q2059729,http://www.wikidata.org/entity/Q1026120,,
http://www.wikidata.org/entity/Q6491045,http://www.wikidata.org/entity/Q5672027,,
http://www.wikidata.org/entity/Q2847795,http://www.wikidata.org/entity/Q3573656,,
http://www.wikidata.org/entity/Q26857934,http://www.wikidata.org/entity/Q3169720,http://www.wikidata.org/entity/Q462810,
http://www.wikidata.org/entity/Q4800006,http://www.wikidata.org/entity/Q4800419,,
http://www.wikidata.org/entity/Q65453291,http://www.wikidata.org/entity/Q24264575,,
http://www.wikidata.org/entity/Q313596,http://www.wikidata.org/entity/Q7717438,,
http://www.wikidata.org/entity/Q3979089,,http://www.wikidata.org/entity/Q5209771,
http://www.wikidata.org/entity/Q976729,http://www.wikidata.org/entity/Q602872,,
http://www.wikidata.org/entity/Q2847645,http://www.wikidata.org/entity/Q3371061,http://www.wikidata.org/entity/Q18685700,
http://www.wikidata.org/entity/Q2826998,http://www.wikidata.org/entity/Q3219690,,
http://www.wikidata.org/entity/Q3015152,http://www.wikidata.org/entity/Q3159414,http://www.wikidata.org/entity/Q3023033,
http://www.wikidata.org/entity/Q18167805,http://www.wikidata.org/entity/Q75871910,http://www.wikidata.org/entity/Q28939011,
http://www.wikidata.org/entity/Q18168057,http://www.wikidata.org/entity/Q17404087,,
http://www.wikidata.org/entity/Q3340724,http://www.wikidata.org/entity/Q1356355,http://www.wikidata.org/entity/Q110363221,
http://www.wikidata.org/entity/Q4979279,http://www.wikidata.org/entity/Q540905,,
http://www.wikidata.org/entity/Q5218577,http://www.wikidata.org/entity/Q452282,,
http://www.wikidata.org/entity/Q57173358,http://www.wikidata.org/entity/Q3158988,,
http://www.wikidata.org/entity/Q3177264,,http://www.wikidata.org/entity/Q1147403,
http://www.wikidata.org/entity/Q3828147,http://www.wikidata.org/entity/Q5217219,,
http://www.wikidata.org/entity/Q105604978,http://www.wikidata.org/entity/Q39074514,,
http://www.wikidata.org/entity/Q16020886,http://www.wikidata.org/entity/Q6171389,,
http://www.wikidata.org/entity/Q2958279,http://www.wikidata.org/entity/Q3370985,http://www.wikidata.org/entity/Q58468244,
http://www.wikidata.org/entity/Q16728342,http://www.wikidata.org/entity/Q1249752,,
http://www.wikidata.org/entity/Q6381338,http://www.wikidata.org/entity/Q4909615,,
http://www.wikidata.org/entity/Q3431309,http://www.wikidata.org/entity/Q2978274,,
http://www.wikidata.org/entity/Q3094131,http://www.wikidata.org/entity/Q3022786,,
http://www.wikidata.org/entity/Q2050301,http://www.wikidata.org/entity/Q816429,,
http://www.wikidata.org/entity/Q2848475,http://www.wikidata.org/entity/Q8062339,,
http://www.wikidata.org/entity/Q55768360,http://www.wikidata.org/entity/Q75722250,http://www.wikidata.org/entity/Q75722252,
http://www.wikidata.org/entity/Q763241,http://www.wikidata.org/entity/Q75383222,http://www.wikidata.org/entity/Q75383224,
http://www.wikidata.org/entity/Q981262,http://www.wikidata.org/entity/Q1346291,http://www.wikidata.org/entity/Q76190532,
http://www.wikidata.org/entity/Q81324,http://www.wikidata.org/entity/Q707440,,
http://www.wikidata.org/entity/Q43688317,,http://www.wikidata.org/entity/Q3320823,
http://www.wikidata.org/entity/Q16269479,http://www.wikidata.org/entity/Q3288095,,
http://www.wikidata.org/entity/Q16189426,http://www.wikidata.org/entity/Q5488785,,
http://www.wikidata.org/entity/Q56560621,http://www.wikidata.org/entity/Q2898148,,
http://www.wikidata.org/entity/Q528653,http://www.wikidata.org/entity/Q3159414,http://www.wikidata.org/entity/Q3023033,
http://www.wikidata.org/entity/Q16238718,http://www.wikidata.org/entity/Q1063718,,
http://www.wikidata.org/entity/Q100276513,http://www.wikidata.org/entity/Q41750431,,
http://www.wikidata.org/entity/Q135827296,http://www.wikidata.org/entity/Q3387121,http://www.wikidata.org/entity/Q3311467,
http://www.wikidata.org/entity/Q3265162,,http://www.wikidata.org/entity/Q2848948,
http://www.wikidata.org/entity/Q3518753,http://www.wikidata.org/entity/Q3178821,,
http://www.wikidata.org/entity/Q65116667,http://www.wikidata.org/entity/Q1030862,,
http://www.wikidata.org/entity/Q96627169,http://www.wikidata.org/entity/Q83685232,,
http://www.wikidata.org/entity/Q545172,http://www.wikidata.org/entity/Q75974992,,
http://www.wikidata.org/entity/Q3015236,http://www.wikidata.org/entity/Q826558,http://www.wikidata.org/entity/Q104214379,
http://www.wikidata.org/entity/Q72219386,http://www.wikidata.org/entity/Q2853862,,
http://www.wikidata.org/entity/Q76159932,http://www.wikidata.org/entity/Q76159918,http://www.wikidata.org/entity/Q76159921,
http://www.wikidata.org/entity/Q1735831,,http://www.wikidata.org/entity/Q95904,
http://www.wikidata.org/entity/Q2307828,http://www.wikidata.org/entity/Q7363898,,
http://www.wikidata.org/entity/Q24037742,http://www.wikidata.org/entity/Q973765,,
http://www.wikidata.org/entity/Q3490928,http://www.wikidata.org/entity/Q16028443,http://www.wikidata.org/entity/Q3086481,
http://www.wikidata.org/entity/Q44098268,http://www.wikidata.org/entity/Q45029503,,
http://www.wikidata.org/entity/Q25513829,http://www.wikidata.org/entity/Q12084431,,
http://www.wikidata.org/entity/Q7647707,http://www.wikidata.org/entity/Q3160995,,
http://www.wikidata.org/entity/Q16269568,,http://www.wikidata.org/entity/Q3242515,
http://www.wikidata.org/entity/Q5478272,http://www.wikidata.org/entity/Q128543,http://www.wikidata.org/entity/Q2837024,
http://www.wikidata.org/entity/Q295053,,http://www.wikidata.org/entity/Q4898816,
http://www.wikidata.org/entity/Q22813210,http://www.wikidata.org/entity/Q16297,http://www.wikidata.org/entity/Q18001182,
http://www.wikidata.org/entity/Q2851187,http://www.wikidata.org/entity/Q3159442,http://www.wikidata.org/entity/Q3320876,
http://www.wikidata.org/entity/Q2454488,http://www.wikidata.org/entity/Q39146194,,
http://www.wikidata.org/entity/Q3315962,http://www.wikidata.org/entity/Q3132729,http://www.wikidata.org/entity/Q3162017,
http://www.wikidata.org/entity/Q3336586,http://www.wikidata.org/entity/Q3435174,http://www.wikidata.org/entity/Q766703,
http://www.wikidata.org/entity/Q52600163,http://www.wikidata.org/entity/Q29273188,,
http://www.wikidata.org/entity/Q5230891,http://www.wikidata.org/entity/Q3155643,,
http://www.wikidata.org/entity/Q105771383,,http://www.wikidata.org/entity/Q19832683,
http://www.wikidata.org/entity/Q16202946,,http://www.wikidata.org/entity/Q259956,
http://www.wikidata.org/entity/Q55218636,http://www.wikidata.org/entity/Q122346588,,
http://www.wikidata.org/entity/Q6810807,http://www.wikidata.org/entity/Q693120,,
http://www.wikidata.org/entity/Q2830374,http://www.wikidata.org/entity/Q3160213,http://www.wikidata.org/entity/Q2844519,
http://www.wikidata.org/entity/Q1356584,,http://www.wikidata.org/entity/Q50424325,
http://www.wikidata.org/entity/Q727988,http://www.wikidata.org/entity/Q18020055,http://www.wikidata.org/entity/Q263172,
http://www.wikidata.org/entity/Q434272,http://www.wikidata.org/entity/Q17077743,,
http://www.wikidata.org/entity/Q9383624,http://www.wikidata.org/entity/Q134403538,,
http://www.wikidata.org/entity/Q3591207,http://www.wikidata.org/entity/Q2898148,http://www.wikidata.org/entity/Q3315982,
http://www.wikidata.org/entity/Q3189244,,http://www.wikidata.org/entity/Q3263725,
http://www.wikidata.org/entity/Q2865151,http://www.wikidata.org/entity/Q3430872,,
http://www.wikidata.org/entity/Q2712978,http://www.wikidata.org/entity/Q5368363,,
http://www.wikidata.org/entity/Q20933558,http://www.wikidata.org/entity/Q19958543,,
http://www.wikidata.org/entity/Q43388624,http://www.wikidata.org/entity/Q7429342,,
http://www.wikidata.org/entity/Q3101057,http://www.wikidata.org/entity/Q247524,,
