personId,relativeId,kinshipId,kinshipLabel
Q100934457,Q1424495,Q76666,first cousin
Q1047259,Q98108421,,
Q104833926,Q131610429,Q3403377,niece
Q105486143,Q55950771,Q15224724,nephew
Q107587145,Q17612477,Q23009870,cousin
Q1077426,Q218845,Q3813877,granduncle
Q1077426,Q55221,Q3813877,granduncle
Q1077426,Q719424,Q19682162,paternal grandfather
Q10833156,Q10799001,,
Q10833156,Q1396357,,
Q10833156,Q5085300,,
Q10853588,Q102055307,Q12051531,female first cousin
Q10853588,Q16196331,Q2914212,brother-in-law
Q10853588,Q96224414,Q3403377,niece
Q10853588,Q98382417,Q4346792,stepson
Q10853588,Q98382515,Q19822354,stepdaughter
Q109232,Q900707,Q9238344,grandfather
Q1132235,Q2550494,Q23009870,cousin
Q1139511,Q28056797,Q3403377,niece
Q114238922,Q113894120,Q11921506,grandson
Q114795473,Q109177603,Q9238344,grandfather
Q114830056,Q130308206,Q23045278,fraternal niece
Q115134,Q2342292,Q31819505,male first cousin
Q115134,Q244234,Q31819505,male first cousin
Q115218487,Q706542,,
Q115601274,Q108768988,Q3403377,niece
Q115601274,Q131268915,Q3813877,granduncle
Q115601274,Q259998,Q4994787,maternal grandmother
Q1158442,Q258220,Q104626971,second niece
Q116443120,Q16231497,Q3403377,niece
Q11673,Q136721226,Q23045278,fraternal niece
Q1184381,Q20744974,Q3752578,son-in-law
Q118683602,Q16799123,Q112322589,adopted child of father
Q118683602,Q16799123,Q112323489,biological child of adoptive mother
Q11930,Q135179727,Q11921506,grandson
Q119733569,Q64014090,Q4994791,maternal grandfather
Q1256739,Q596551,Q3238556,sister-in-law
Q1275214,Q3492567,Q23009870,cousin
Q130455640,Q1514535,Q23009870,cousin
Q130455640,Q1827266,Q76557,uncle
Q130455640,Q3052234,Q76557,uncle
Q130455640,Q318475,Q23009870,cousin
Q13133,Q2895259,Q12315099,second uncle
Q131933921,Q11837005,Q3238556,sister-in-law
Q131933921,Q16189488,Q2914212,brother-in-law
Q131933921,Q229244,Q3238556,sister-in-law
Q131933921,Q6660285,Q3238556,sister-in-law
Q1338108,Q1502961,Q20746702,stepbrother
Q1338108,Q276398,Q20746713,stepsister
Q133892774,Q129175289,Q11921506,grandson
Q133892774,Q133892510,Q11921506,grandson
Q1343292,Q2563094,Q4120409,mother's brother
Q1343292,Q54688,Q3403377,niece
Q136095163,Q136093776,Q15224724,nephew
Q136095163,Q6827844,Q3403377,niece
Q1361260,Q112037121,Q15312935,half-brother
Q137387395,Q528752,Q19822354,stepdaughter
Q1386431,Q41671742,Q25858158,adopted child
Q1386431,Q4726815,Q25858158,adopted child
Q1424495,Q100934457,Q76666,first cousin
Q1502961,Q1338108,Q20746713,stepsister
Q150916,Q3993202,Q76666,first cousin
Q16189488,Q131933921,Q3238556,sister-in-law
Q16194721,Q102012169,Q3403377,niece
Q16194721,Q1514535,Q15224724,nephew
Q16194721,Q3052234,Q76557,uncle
Q16194721,Q54966735,Q15224724,nephew
Q16194721,Q54985773,Q15224724,nephew
Q16194721,Q56612902,Q15224724,nephew
Q1667920,Q279153,Q9238344,grandfather
Q17322213,Q186492,Q9238344,grandfather
Q17322213,Q3491941,Q7565,father
Q17322213,Q75732040,Q7560,mother
Q1744,Q130372929,Q4838063,stepmother
Q1810016,Q1744,Q16658574,sibling-in-law
Q1810016,Q5112102,Q10082309,Q10082309
Q18341330,Q434839,,
Q18341330,Q48980354,,
Q18341330,Q5503256,,
Q18341330,Q72133,,
Q18341330,Q78485,,
Q18341330,Q9215,,
Q1849400,Q335855,Q76557,uncle
Q185724,Q114570941,Q19682162,paternal grandfather
Q185724,Q114571030,Q12433519,paternal grandmother
Q185724,Q114571255,Q41823427,paternal grandfather's father
Q185724,Q114571452,Q19682171,paternal great-grandparent
Q185724,Q114571545,Q58837291,great-great-grandfather
Q185724,Q114571666,Q27164472,great-great-grandmother
Q185724,Q114572543,Q4994791,maternal grandfather
Q185724,Q114576308,Q4994787,maternal grandmother
Q185724,Q114578180,Q26004701,maternal great-grandparent
Q185724,Q114578445,Q58837291,great-great-grandfather
Q185724,Q114579139,Q27164472,great-great-grandmother
Q1902714,Q61473291,Q4346792,stepson
Q191084,Q99054810,Q19682162,paternal grandfather
Q191084,Q99054961,Q12433519,paternal grandmother
Q192217,Q43009011,,
Q19837,Q28941300,Q61740757,adoptive father
Q19837,Q28941339,Q61740758,adoptive mother
Q19837,Q3281834,Q23009870,cousin
Q19837,Q97355518,Q23009870,cousin
Q207969,Q6382338,Q4346792,stepson
Q21005382,Q59129,Q12158205,father's brother
Q2139951,Q427564,Q3403377,niece
Q21401575,Q135179727,Q11921506,grandson
Q217427,Q24248537,Q3403377,niece
Q220918,Q3180060,Q76557,uncle
Q222071,Q110824076,Q42240748,mother's mother's father
Q222071,Q134477,Q4994787,maternal grandmother
Q222071,Q5367583,Q42240762,mother's mother's mother
Q223117,Q193517,Q3238556,sister-in-law
Q223117,Q313039,Q2914212,brother-in-law
Q2263,Q64683518,Q15224724,nephew
Q229034,Q5342858,Q76557,uncle
Q229211,Q7396400,Q3403377,niece
Q229430,Q101445026,Q4346792,stepson
Q229749,Q2597050,Q61386388,fourth cousin
Q230654,Q134549,Q76557,uncle
Q230654,Q25310,Q76557,uncle
Q230654,Q9696,Q76557,uncle
Q231576,Q62558,Q76507,aunt
Q232072,Q101584269,Q3433569,second cousin
Q232072,Q123101,Q3433569,second cousin
Q232072,Q3271849,Q58837291,great-great-grandfather
Q232072,Q822287,Q19682162,paternal grandfather
Q233868,Q3568831,Q9238344,grandfather
Q2340711,Q1976690,Q2914212,brother-in-law
Q2340711,Q2728197,Q2914212,brother-in-law
Q2340711,Q2733724,Q2914212,brother-in-law
Q234271,Q102037383,Q17770960,second aunt
Q234271,Q102037550,Q6035384,mother's sister
Q234271,Q5372809,Q11972456,grandaunt
Q2358205,Q16728783,Q76557,uncle
Q2358205,Q43994,Q2914212,brother-in-law
Q236200,Q1209648,Q76557,uncle
Q236200,Q18719384,Q31819505,male first cousin
Q236200,Q259559,Q76507,aunt
Q23696682,Q22003152,Q13184390,sister's husband
Q23696682,Q231508,Q23045293,sororal niece
Q23696682,Q25206278,Q2500621,great-grandfather
Q23696682,Q379471,Q12443619,sororal nephew
Q23696682,Q452557,Q13184390,sister's husband
Q23696682,Q4885278,Q13184390,sister's husband
Q23696682,Q61659949,Q23045211,fraternal nephew
Q23696682,Q6774420,Q13184281,brother's wife
Q23696682,Q727645,Q13184390,sister's husband
Q23696682,Q742280,Q12443619,sororal nephew
Q23696682,Q9286627,Q4994791,maternal grandfather
Q23844,Q466508,Q76507,aunt
Q242664,Q486883,Q9238344,grandfather
Q25144,Q123470459,Q15224724,nephew
Q25144,Q123470536,Q4113832,great-nephew
Q254596,Q23664656,Q131923726,maternal niece
Q2550494,Q1132235,Q23009870,cousin
Q2597050,Q229749,Q12051531,female first cousin
Q2597050,Q229749,Q61386388,fourth cousin
Q262789,Q106514904,Q3403377,niece
Q262789,Q8273313,Q4994791,maternal grandfather
Q2642437,Q51763739,Q3403377,niece
Q270935,Q104833926,,
Q271040,Q4933266,Q10861465,brother
Q2715122,Q427564,Q3403377,niece
Q271616,Q1209826,,
Q271616,Q3559869,,
Q271616,Q713066,,
Q272019,Q3490358,Q23009870,cousin
Q272946,Q432686,,
Q275094,Q15937109,Q3403377,niece
Q275094,Q298658,Q2914212,brother-in-law
Q275402,Q550784,Q13204680,father-in-law
Q275964,Q6990724,Q66363652,biological father
Q276398,Q1338108,Q20746713,stepsister
Q276398,Q7422381,Q3238556,sister-in-law
Q2831,Q24248537,Q3403377,niece
Q296928,Q86715016,Q402152,ancestor
Q305177,Q18207172,Q104626971,second niece
Q310324,Q2124,,
Q310798,Q12282886,Q9235758,grandmother
Q311103,Q87293609,Q15224724,nephew
Q311103,Q87295227,Q3403377,niece
Q311289,Q27950933,Q3403377,niece
Q312556,Q102433590,Q20746728,adopted daughter
Q312853,Q5541102,Q15224724,nephew
Q313546,Q3184556,Q23009870,cousin
Q314712,Q7368882,Q5992509,father's sister
Q316064,Q241812,Q20746713,stepsister
Q316064,Q331187,Q20746702,stepbrother
Q3178896,Q131268915,Q76557,uncle
Q3178896,Q28664727,Q2914212,brother-in-law
Q319996,Q102012169,Q3403377,niece
Q319996,Q1827266,Q76557,uncle
Q319996,Q318475,Q31819505,male first cousin
Q319996,Q54966735,Q15224724,nephew
Q319996,Q54985773,Q15224724,nephew
Q3239121,Q297173,Q15224724,nephew
Q3239121,Q3499119,Q3238556,sister-in-law
Q3239121,Q609196,Q15224724,nephew
Q326217,Q18638543,Q9238344,grandfather
Q333425,Q23883275,,
Q333425,Q4790555,,
Q333521,Q18223785,Q12315099,second uncle
Q333521,Q43475996,Q9238344,grandfather
Q343564,Q113988364,Q15224724,nephew
Q34389,Q234695,Q12051531,female first cousin
Q34389,Q267597,Q12051531,female first cousin
Q3453949,Q6160094,Q15224724,nephew
Q350528,Q56724015,Q20746702,stepbrother
Q3505591,Q104772807,Q402152,ancestor
Q3505591,Q504029,Q69610263,second cousin once removed descending
Q352093,Q3195089,Q23009870,cousin
Q352093,Q3647877,Q23009870,cousin
Q352093,Q598461,Q41805469,parent's brother
Q352093,Q7456454,Q3752578,son-in-law
Q352733,Q4552488,,
Q35332,Q107151200,Q20746728,adopted daughter
Q35332,Q107151215,Q20746725,adopted son
Q35332,Q13147738,Q20746725,adopted son
Q357032,Q339711,Q15224724,nephew
Q357032,Q3644601,Q19822354,stepdaughter
Q357032,Q3876871,Q19822354,stepdaughter
Q362516,Q126684660,Q1282201,stepfather
Q3675476,Q64493581,Q3403377,niece
Q3679854,Q136379377,Q1282201,stepfather
Q37079,Q318231,Q31819505,male first cousin
Q3808402,Q1276587,,
Q38203660,Q112066074,Q3752578,son-in-law
Q38203660,Q112066214,Q11921506,grandson
Q38203660,Q112066235,Q11921506,grandson
Q38203660,Q112066341,Q19756330,granddaughter
Q382078,Q113951548,Q19822354,stepdaughter
Q3939895,Q19877770,Q12443619,sororal nephew
Q3939895,Q91012851,Q23045293,sororal niece
Q40220,Q107718313,Q2500621,great-grandfather
Q405020,Q112037121,Q19595226,paternal half-brother
Q40628,Q16732159,Q76507,aunt
Q40628,Q314640,Q10436574,third cousin
Q40628,Q5233178,Q4994791,maternal grandfather
Q4120359,Q12251539,Q23045293,sororal niece
Q432940,Q3184556,Q23009870,cousin
Q441452,Q6385650,Q3403377,niece
Q442325,Q3616560,Q3752578,son-in-law
Q452475,Q22344335,Q3403377,niece
Q453781,Q258661,Q5992509,father's sister
Q456178,Q27733436,Q15224724,nephew
Q457161,Q1647267,Q16658574,sibling-in-law
Q457161,Q260955,Q16658574,sibling-in-law
Q457161,Q467697,Q16658574,sibling-in-law
Q460457,Q1929817,Q20746702,stepbrother
Q460457,Q75788353,Q20746702,stepbrother
Q463497,Q133853091,Q4113832,great-nephew
Q463497,Q133943273,Q15224724,nephew
Q463497,Q13657575,Q3403377,niece
Q463497,Q23844,Q31819505,male first cousin
Q483325,Q7789497,Q88998754,15th great-grandparent
Q5113434,Q1768,Q76507,aunt
Q5129155,Q230929,Q20746713,stepsister
Q5129155,Q231405,Q20746713,stepsister
Q5129155,Q441935,Q23009870,cousin
Q5129155,Q787566,Q20746702,stepbrother
Q51566,Q108099403,Q76557,uncle
Q51566,Q3843845,Q23009870,cousin
Q5237086,Q20684498,Q28324774,grandfather-in-law
Q5237086,Q24069542,Q13204680,father-in-law
Q5237086,Q3288078,Q23009870,cousin
Q5296334,Q7819505,Q23009870,cousin
Q5542279,Q5540146,Q76557,uncle
Q5559079,Q55264878,Q12158205,father's brother
Q5623430,Q26702578,Q12051531,female first cousin
Q573147,Q3189736,Q20746713,stepsister
Q586084,Q6177770,Q3403377,niece
Q6012739,Q113799590,Q15224724,nephew
Q6145141,Q15433367,Q76557,uncle
Q6145141,Q5603,Q76557,uncle
Q6230322,Q108003544,Q19595226,paternal half-brother
Q6230322,Q1683881,Q19595226,paternal half-brother
Q6230322,Q319099,Q1282201,stepfather
Q6239903,Q26251744,Q15224724,nephew
Q6256921,Q5364665,Q3403377,niece
Q63441885,Q239709,Q17770960,second aunt
Q634684,Q7172696,Q15224724,nephew
Q65029113,Q16729668,Q3238556,sister-in-law
Q65029113,Q60844968,Q723868,mother-in-law
Q65029113,Q60894135,Q13204680,father-in-law
Q65151405,Q5386105,Q111323925,paternal nephew
Q65151405,Q72332092,Q110291311,niece-in-law
Q6660285,Q131933921,Q3238556,sister-in-law
Q6755482,Q130134375,Q76557,uncle
Q6864668,Q229235,Q402152,ancestor
Q6864668,Q30931682,Q3403377,niece
Q6864668,Q48928828,Q4994791,maternal grandfather
Q6864668,Q7192,Q402152,ancestor
Q7287324,Q16202020,Q111323925,paternal nephew
Q7287324,Q2370283,Q111323925,paternal nephew
Q729264,Q3180060,Q76557,uncle
Q734682,Q1139993,Q15224724,nephew
Q734682,Q1867265,Q15224724,nephew
Q734682,Q1933507,Q2914212,brother-in-law
Q7363621,Q312656,Q2500621,great-grandfather
Q7542,Q3545998,,
Q75907891,Q294931,Q2500621,great-grandfather
Q76,Q15982328,Q19682162,paternal grandfather
Q76,Q15982330,Q12433519,paternal grandmother
Q76,Q2856311,Q4994787,maternal grandmother
Q76,Q2856335,Q4994791,maternal grandfather
Q76,Q4115068,Q1282201,stepfather
Q7614463,Q24689254,Q15224724,nephew
Q76819,Q1769765,Q4994787,maternal grandmother
Q76819,Q225315,Q2500621,great-grandfather
Q76819,Q87961,Q4994791,maternal grandfather
Q7812365,Q108941,,
Q7821917,Q2729586,Q1282201,stepfather
Q7821917,Q4706196,Q76557,uncle
Q7821917,Q6810224,Q9238344,grandfather
Q81324,Q22003152,Q13184390,sister's husband
Q81324,Q231508,Q23045293,sororal niece
Q81324,Q25206278,Q2500621,great-grandfather
Q81324,Q379471,Q12443619,sororal nephew
Q81324,Q452557,Q13184390,sister's husband
Q81324,Q4885278,Q13184390,sister's husband
Q81324,Q59630,Q84158642,male second cousin
Q81324,Q61659949,Q23045211,fraternal nephew
Q81324,Q6774420,Q13184281,brother's wife
Q81324,Q727645,Q13184390,sister's husband
Q81324,Q742280,Q12443619,sororal nephew
Q81324,Q9286627,Q4994791,maternal grandfather
Q81324,Q962172,Q1666087,co-brother-in-law
Q86927049,Q87293609,Q15224724,nephew
Q87594838,Q83037583,Q15224724,nephew
Q876726,Q2254520,Q42301631,paternal cousin
Q876726,Q5106231,Q42301631,paternal cousin
Q876726,Q7807881,Q42301620,maternal cousin
Q913872,Q19155,Q19682162,paternal grandfather
Q913872,Q41142,Q5992509,father's sister
Q92691488,Q17510095,Q9238344,grandfather
Q953089,Q24951169,Q19822354,stepdaughter
Q109455851,Q65978332,,
Q113707063,Q103646,Q4994791,maternal grandfather
Q113707063,Q1101612,Q3813877,granduncle
Q113707063,Q113706630,Q76557,uncle
Q113707063,Q113706746,Q4994787,maternal grandmother
Q113707063,Q113706850,Q76507,aunt
Q113707063,Q11836555,Q76507,aunt
Q113707063,Q2004409,Q2500621,great-grandfather
Q113707063,Q5249301,Q2500620,great-grandmother
Q114731533,Q114731601,Q23009870,cousin
Q114731533,Q114731653,Q23009870,cousin
Q114731533,Q230203,Q76507,aunt
Q114731653,Q114731533,Q23009870,cousin
Q114731653,Q15992154,Q76557,uncle
Q115870179,Q133313,Q76557,uncle
Q115870179,Q270150,Q4994787,maternal grandmother
Q115870179,Q469233,Q4994791,maternal grandfather
Q116843325,Q22958423,Q19682162,paternal grandfather
Q116843325,Q535412,Q4994787,maternal grandmother
Q116843325,Q962932,Q4994791,maternal grandfather
Q116843329,Q22958423,Q19682162,paternal grandfather
Q116843329,Q535412,Q4994787,maternal grandmother
Q116843329,Q962932,Q4994791,maternal grandfather
Q118125023,Q111968938,Q31819505,male first cousin
Q118125023,Q2165781,Q76507,aunt
Q118125023,Q56166223,Q19682162,paternal grandfather
Q118125023,Q56166583,Q12433519,paternal grandmother
Q118125023,Q56166621,Q76507,aunt
Q118125023,Q56166624,Q76557,uncle
Q122169580,Q98637698,Q19682162,paternal grandfather
Q123331783,Q32522,Q76507,aunt
Q123331783,Q439841,Q9238344,grandfather
Q123470536,Q123470459,Q76557,uncle
Q123470536,Q25144,Q3813877,granduncle
Q133853091,Q133943608,Q2500620,great-grandmother
Q133853091,Q13657575,Q76507,aunt
Q133853091,Q269508,Q9235758,grandmother
Q133853091,Q312098,Q2500621,great-grandfather
Q133853091,Q342778,Q2500621,great-grandfather
Q133853091,Q463497,Q3813877,granduncle
Q133853091,Q466508,Q2500620,great-grandmother
Q133853091,Q51684725,Q11972456,grandaunt
Q133853091,Q51684896,Q9238344,grandfather
Q133853091,Q54516634,Q19901611,first cousin once removed descending
Q133853091,Q592906,Q3813877,granduncle
Q133853091,Q85429989,Q19901611,first cousin once removed descending
Q133892510,Q129175321,Q2500621,great-grandfather
Q133892510,Q133892774,Q9235758,grandmother
Q133892510,Q193338,Q9238344,grandfather
Q133892510,Q4928434,Q2500620,great-grandmother
Q133974987,Q235077,Q2500621,great-grandfather
Q133974987,Q519282,Q3813877,granduncle
Q133974987,Q56615169,Q9235758,grandmother
Q133974987,Q97999824,Q76557,uncle
Q133974987,Q98155518,Q2500620,great-grandmother
Q133974987,Q98156112,Q9238344,grandfather
Q134280407,Q23891,Q76557,uncle
Q134281139,Q23891,Q76557,uncle
Q135179727,Q11930,Q9238344,grandfather
Q135179727,Q21401575,Q9235758,grandmother
Q135179727,Q28030315,Q76557,uncle
Q135179727,Q28031619,Q76507,aunt
Q135927639,Q135934540,Q4994791,maternal grandfather
Q135927639,Q135934565,Q4994787,maternal grandmother
Q135927639,Q138005,Q19682162,paternal grandfather
Q135927639,Q2868065,Q12433519,paternal grandmother
Q136384838,Q106514,Q76557,uncle
Q136384838,Q108844691,Q9238344,grandfather
Q136384838,Q185140,Q76557,uncle
Q136384838,Q258854,Q76507,aunt
Q136384838,Q29075353,Q23009870,cousin
Q136384838,Q29075445,Q23009870,cousin
Q136384838,Q444338,Q76507,aunt
Q136384838,Q4792445,Q9235758,grandmother
Q137887695,Q10314008,Q76507,aunt
Q18913048,Q18238620,Q17770960,second aunt
Q18913048,Q231228,Q76507,aunt
Q18913048,Q2623520,Q9235758,grandmother
Q18913048,Q3043962,Q9238344,grandfather
Q29075138,Q255129,Q76507,aunt
Q29075138,Q28146572,Q12051531,female first cousin
Q29075138,Q29075126,Q76557,uncle
Q29075138,Q29075134,Q76507,aunt
Q29075138,Q29075136,Q76507,aunt
Q29075138,Q301818,Q76557,uncle
Q47509493,Q18238620,Q17770960,second aunt
Q47509493,Q231228,Q76507,aunt
Q47509542,Q18238620,Q17770960,second aunt
Q47509542,Q231228,Q76507,aunt
Q53155524,Q2341056,Q76507,aunt
Q53155524,Q53159399,Q31819505,male first cousin
Q53155524,Q768073,Q76557,uncle
Q55428718,Q1138235,Q4994787,maternal grandmother
Q55428718,Q1375057,Q6035384,mother's sister
Q55428718,Q1770624,Q6035384,mother's sister
Q55428718,Q1816737,Q4994791,maternal grandfather
Q55428718,Q231270,Q6035384,mother's sister
Q55428718,Q26318,Q4120409,mother's brother
Q55428718,Q575689,Q6035384,mother's sister
Q55428718,Q60633179,Q12433519,paternal grandmother
Q80339333,Q15542608,Q41805469,parent's brother
Q80339333,Q188459,Q4994787,maternal grandmother
Q80339333,Q2742575,Q4994791,maternal grandfather
Q80339333,Q722830,Q76557,uncle
Q10451593,Q55999469,Q12433519,paternal grandmother
Q104902570,Q5495826,Q9238344,grandfather
Q106514904,Q262789,Q76507,aunt
Q108419943,Q302092,Q9238344,grandfather
Q110692274,Q16014846,Q19682162,paternal grandfather
Q110692274,Q2094847,Q12433519,paternal grandmother
Q110692290,Q16014846,Q19682162,paternal grandfather
Q110692290,Q2094847,Q12433519,paternal grandmother
Q110805105,Q562908,Q9238344,grandfather
Q110823038,Q5684829,Q19682162,paternal grandfather
Q111645267,Q106762642,Q19682162,paternal grandfather
Q111914240,Q110652928,Q595094,sister
Q111914240,Q11837005,Q76507,aunt
Q111914240,Q16189488,Q76557,uncle
Q111914240,Q6660285,Q76507,aunt
Q111914240,Q893766,Q4994791,maternal grandfather
Q111914240,Q955336,Q1282201,stepfather
Q113389528,Q113389573,Q2500620,great-grandmother
Q113389528,Q6537614,Q9238344,grandfather
Q113389528,Q7279202,Q76507,aunt
Q113389528,Q876726,Q3813877,granduncle
Q113988364,Q343564,Q76557,uncle
Q115522481,Q176202,Q23009870,cousin
Q115626511,Q59532027,Q20746702,stepbrother
Q115626511,Q59532183,Q20746713,stepsister
Q115626511,Q59532283,Q20746702,stepbrother
Q116452317,Q116487191,Q23009870,cousin
Q116463811,Q116463829,Q76507,aunt
Q117006221,Q714661,Q76557,uncle
Q117265290,Q29260744,,
Q117536833,Q3993202,Q12315099,second uncle
Q117536833,Q5044555,Q12433519,paternal grandmother
Q117536833,Q7345377,Q12315099,second uncle
Q118215612,Q123029137,Q23009870,cousin
Q119585748,Q106762642,Q19682162,paternal grandfather
Q120336831,Q7861598,Q76557,uncle
Q12297196,Q449908,,
Q123004415,Q43874,Q76557,uncle
Q123029100,Q56161930,Q12051531,female first cousin
Q123693068,Q131324,,
Q123693068,Q217427,,
Q123693068,Q234388,,
Q123693068,Q2831,,
Q123693068,Q319392,,
Q123693068,Q336222,,
Q123693068,Q349461,,
Q123693068,Q44855,,
Q123906362,Q123906513,Q20746713,stepsister
Q123906362,Q123906553,Q20746702,stepbrother
Q123906513,Q123906362,Q20746713,stepsister
Q123906553,Q123906362,Q20746713,stepsister
Q124173215,Q311263,Q19682162,paternal grandfather
Q125395577,Q6915724,Q76557,uncle
Q127696060,Q92657475,Q104590772,son of stepfather
Q128450737,Q4328437,Q76507,aunt
Q128510809,Q716250,Q9238344,grandfather
Q130011085,Q187038,Q9238344,grandfather
Q131411648,Q131417024,Q19682162,paternal grandfather
Q131411648,Q132530581,Q31819505,male first cousin
Q131411648,Q90928710,Q31819505,male first cousin
Q13147738,Q13909,Q61740758,adoptive mother
Q13147738,Q35332,Q61740757,adoptive father
Q131599804,Q7976392,Q76557,uncle
Q131610429,Q104833926,Q76557,uncle
Q132181349,Q56633923,Q10943095,younger sister
Q1331120,Q21402343,Q3238556,sister-in-law
Q1331120,Q228598,Q25858158,adopted child
Q1331120,Q40523,Q3238556,sister-in-law
Q1331120,Q454404,Q3238556,sister-in-law
Q134384186,Q16146234,Q76557,uncle
Q134538898,Q320204,Q9238344,grandfather
Q135218916,Q329734,Q9238344,grandfather
Q136402879,Q7325606,Q76557,uncle
Q136721226,Q11673,Q12158205,father's brother
Q137208814,Q984347,,
Q137272442,Q296734,Q103045433,distant relative
Q137374,Q17580621,Q76557,uncle
Q137757263,Q127752180,Q7565,father
Q1546593,Q6166645,Q19682162,paternal grandfather
Q1593888,Q365010,Q27164536,great-great-great-grandfather
Q1593888,Q77237,Q89000427,4th great-grandfather
Q16843706,Q1207512,Q402152,ancestor
Q18648942,Q5024464,Q41805469,parent's brother
Q1964387,Q3127508,,
Q19877770,Q2844566,Q76507,aunt
Q19877770,Q3939895,Q4120409,mother's brother
Q19877770,Q59524523,Q4994791,maternal grandfather
Q20670730,Q2604338,Q6035384,mother's sister
Q20882479,Q23772566,Q41805469,parent's brother
Q20993896,Q64683518,Q57832810,male cousin
Q21286612,Q1207512,Q402152,ancestor
Q22302425,Q108884045,Q9235758,grandmother
Q228943,Q12858640,Q76507,aunt
Q228943,Q7331203,Q4994791,maternal grandfather
Q23034454,Q3120172,Q12158205,father's brother
Q23034454,Q3351364,Q123690106,paternal half-uncle
Q231726,Q17299986,Q23009870,cousin
Q231726,Q3806290,Q76557,uncle
Q233404,Q7836291,,
Q2568880,Q88907214,Q2500620,great-grandmother
Q26262245,Q312719,,
Q26262245,Q3595578,,
Q26703280,Q320025,Q76557,uncle
Q27449526,Q41163,Q1282201,stepfather
Q28032537,Q2134986,,
Q28032537,Q28032516,,
Q28032537,Q28124049,,
Q28032537,Q28124056,,
Q28032626,Q2604338,Q6035384,mother's sister
Q28056797,Q109232,Q76507,aunt
Q28056797,Q1139511,Q76557,uncle
Q28056797,Q215976,Q76507,aunt
Q28056797,Q254431,Q76507,aunt
Q28056797,Q32522,Q28017739,godmother
Q28062769,Q443128,Q76507,aunt
Q28095237,Q91130271,Q19682162,paternal grandfather
Q28095237,Q91244472,Q12433519,paternal grandmother
Q28464349,Q7341480,Q2500621,great-grandfather
Q29388200,Q9012491,Q9238344,grandfather
Q30033734,Q164119,Q41805469,parent's brother
Q30033734,Q313470,Q41805469,parent's brother
Q30113055,Q310379,Q9238344,grandfather
Q30931682,Q1422387,Q19682162,paternal grandfather
Q30931682,Q48928828,Q2500621,great-grandfather
Q30931682,Q6864668,Q41805469,parent's brother
Q39050853,Q124426359,Q76507,aunt
Q44348948,Q164119,Q76557,uncle
Q44348948,Q313470,Q76557,uncle
Q44416691,Q1209826,Q76557,uncle
Q44416691,Q22813031,Q23009870,cousin
Q44416691,Q271616,Q23009870,cousin
Q44416691,Q3559869,Q23009870,cousin
Q44416691,Q458441,Q76507,aunt
Q453620,Q194220,Q23009870,cousin
Q46994907,Q1377791,Q4994791,maternal grandfather
Q46994907,Q623962,Q4994787,maternal grandmother
Q47487414,Q61128,Q9238344,grandfather
Q47691741,Q18208500,Q31819505,male first cousin
Q47691741,Q47663402,Q12051531,female first cousin
Q47691741,Q56599359,Q19595229,maternal half-sister
Q47691741,Q56648976,Q19595229,maternal half-sister
Q47691741,Q56649174,Q12051531,female first cousin
Q47691741,Q57480345,Q12051531,female first cousin
Q47691741,Q64512302,Q15224724,nephew
Q54868,Q1392556,Q19682162,paternal grandfather
Q54976154,Q25542310,,
Q55006878,Q1898039,Q27164472,great-great-grandmother
Q55006878,Q707974,Q58837291,great-great-grandfather
Q57292172,Q9370539,Q23009870,cousin
Q6066621,Q7422381,,
Q61746920,Q123029137,Q23009870,cousin
Q64877541,Q16832285,,
Q64996051,Q111436,Q19682162,paternal grandfather
Q66317557,Q3248863,Q9235758,grandmother
Q66442412,Q186485,Q4994791,maternal grandfather
Q66442412,Q66442433,Q4994787,maternal grandmother
Q70063212,Q130798,Q23009870,cousin
Q70063212,Q703908,Q23009870,cousin
Q7396400,Q229211,Q76507,aunt
Q78959574,Q85742208,Q4994791,maternal grandfather
Q78959574,Q85743151,Q4994787,maternal grandmother
Q78959574,Q85748463,Q19682162,paternal grandfather
Q78959574,Q85755457,Q12433519,paternal grandmother
Q83037583,Q729375,Q19682162,paternal grandfather
Q83037583,Q7490227,Q12433519,paternal grandmother
Q84968132,Q87293609,Q31819505,male first cousin
Q84968132,Q87295227,Q12051531,female first cousin
Q85438164,Q103821975,Q9235758,grandmother
Q85711077,Q591205,Q4994791,maternal grandfather
Q95215037,Q124039005,Q3103421,stepchild
Q96471902,Q1831901,Q58896332,(paternal or maternal) grandmother's brother
Q96471902,Q3049973,Q12315099,second uncle
Q96471902,Q533475,Q28017737,godfather
Q97672461,Q134873513,Q23009870,cousin
Q101413633,Q101413594,Q11921506,grandson
Q101740,Q720471,Q12158205,father's brother
Q102037550,Q102037383,Q42301631,paternal cousin
Q102037550,Q234271,Q3403377,niece
Q102037550,Q5372809,Q5992509,father's sister
Q104000,Q5388105,Q3752578,son-in-law
Q104000,Q57410,Q84158642,male second cousin
Q108576,Q124335822,Q41805477,parent's sister
Q109612,Q104248069,Q3403377,niece
Q111436,Q64996014,Q11921506,grandson
Q111436,Q64996051,Q11921506,grandson
Q112420637,Q28484744,Q4994791,maternal grandfather
Q113389573,Q113389528,Q19680017,great-grandson
Q113389573,Q5371770,Q19756330,granddaughter
Q113389573,Q7279202,Q19756330,granddaughter
Q114518771,Q13218387,Q19756330,granddaughter
Q1176607,Q207356,Q31819505,male first cousin
Q122160569,Q515161,Q11921506,grandson
Q125965991,Q125965988,Q15224724,nephew
Q125965991,Q125965989,Q3403377,niece
Q125965991,Q125965990,Q15224724,nephew
Q1287406,Q534413,Q3752578,son-in-law
Q134477,Q222071,Q42302432,daughter's daughter
Q134477,Q426999,Q13183045,great-granddaughter
Q134509337,Q558143,Q15224724,nephew
Q1347232,Q729129,Q15224724,nephew
Q142567,Q21069983,Q76507,aunt
Q1452629,Q6170088,Q23009870,cousin
Q1452629,Q6306924,Q23009870,cousin
Q1575625,Q23888,Q76557,uncle
Q16015906,Q163908,Q12160962,wife's father
Q16015906,Q5540146,Q2914212,brother-in-law
Q1601843,Q13217306,Q19756330,granddaughter
Q164487,Q1349639,Q4346792,stepson
Q164487,Q233937,Q19822354,stepdaughter
Q164487,Q545438,Q19822354,stepdaughter
Q1675579,Q313588,Q23009870,cousin
Q1675579,Q472071,Q3813877,granduncle
Q1675579,Q7933044,Q76507,aunt
Q1675579,Q95143,Q26181623,great-granduncle
Q1691388,Q18738656,Q3403377,niece
Q1768,Q5113434,Q15224724,nephew
Q1827266,Q1514535,Q11921506,grandson
Q1827266,Q16194721,Q3403377,niece
Q1827266,Q3056362,Q4113832,great-nephew
Q1827266,Q318475,Q15224724,nephew
Q1827266,Q319996,Q15224724,nephew
Q1827266,Q952428,Q15224724,nephew
Q193426,Q59533014,Q61740757,adoptive father
Q213550,Q3672516,Q13204680,father-in-law
Q213550,Q7852174,Q3603531,grandchild
Q213550,Q8002829,Q3603531,grandchild
Q215359,Q60229347,Q3403377,niece
Q219256,Q245363,Q4994791,maternal grandfather
Q219256,Q245363,Q9238344,grandfather
Q233852,Q3560682,Q3433569,second cousin
Q234117,Q7350439,Q3752578,son-in-law
Q23505,Q4718801,Q15224724,nephew
Q23505,Q6209691,Q15224724,nephew
Q23505,Q6253359,Q15224724,nephew
Q23505,Q6274305,Q15224724,nephew
Q23505,Q863042,Q15224724,nephew
Q235928,Q160717,Q23009870,cousin
Q235928,Q18718770,Q3403377,niece
Q23685,Q105235356,Q11921506,grandson
Q23685,Q355288,Q3433569,second cousin
Q238081,Q180224,Q3744857,godchild
Q238081,Q49075,Q23009870,cousin
Q240250,Q11331791,Q15224724,nephew
Q240371,Q13489917,,
Q25930006,Q935167,Q4113832,great-nephew
Q2622253,Q520482,,
Q264730,Q271910,Q5992509,father's sister
Q2713545,Q109051194,Q41798832,goddaughter
Q271696,Q108838533,Q4346792,stepson
Q2837874,Q2660878,Q19682162,paternal grandfather
Q2837874,Q7562569,Q12433519,paternal grandmother
Q2881575,Q16006456,Q4346792,stepson
Q289108,Q6760045,Q6035384,mother's sister
Q294555,Q17183440,Q11921506,grandson
Q296661,Q1332779,Q23009870,cousin
Q296661,Q1332779,Q61740757,adoptive father
Q296796,Q166216,Q42302432,daughter's daughter
Q296796,Q775572,Q23045211,fraternal nephew
Q298601,Q550115,Q11921506,grandson
Q323781,Q14441,Q19822354,stepdaughter
Q3269706,Q131455401,,
Q3274367,Q19290427,Q23009870,cousin
Q335855,Q1849400,Q15224724,nephew
Q3372567,Q280673,Q76557,uncle
Q3531316,Q172035,Q15224724,nephew
Q355125,Q6308089,Q18489480,daughter-in-law
Q36105,Q17388864,Q3103421,stepchild
Q36105,Q6377943,Q20746728,adopted daughter
Q3655987,Q19878102,Q19756330,granddaughter
Q372073,Q96677967,,
Q4065275,Q927985,Q76557,uncle
Q40912,Q215012,Q3744857,godchild
Q40912,Q230084,Q723868,mother-in-law
Q42745,Q106503437,Q76507,aunt
Q42745,Q327183,Q76557,uncle
Q431124,Q5085991,Q5992509,father's sister
Q4377426,Q94511543,Q3103421,stepchild
Q441479,Q23303162,Q4994791,maternal grandfather
Q441479,Q6232421,Q4120409,mother's brother
Q444125,Q230147,Q76507,aunt
Q444125,Q295593,Q76557,uncle
Q444125,Q676094,Q3403377,niece
Q444125,Q744955,Q76557,uncle
Q459973,Q1524627,Q19822354,stepdaughter
Q463708,Q313368,Q15224724,nephew
Q49074,Q113512097,Q12443619,sororal nephew
Q49074,Q113512097,Q20746725,adopted son
Q4935522,Q3966988,Q15224724,nephew
Q5338529,Q4849173,Q3752578,son-in-law
Q535012,Q136047706,Q42302432,daughter's daughter
Q5354216,Q112208154,Q11921506,grandson
Q5354216,Q1380497,Q76557,uncle
Q540665,Q80793306,Q11921506,grandson
Q546756,Q317243,Q76557,uncle
Q56093,Q1338108,Q19822354,stepdaughter
Q59524523,Q19877770,Q12183411,daughter's son
Q59524523,Q91012851,Q42302432,daughter's daughter
Q614160,Q187033,Q19822354,stepdaughter
Q6179043,Q6771894,,
Q62558,Q231576,Q3403377,niece
Q62558,Q3136619,Q18489480,daughter-in-law
Q6297617,Q493165,Q4113832,great-nephew
Q6771894,Q6179043,,
Q710986,Q4352290,Q76557,uncle
Q7183228,Q20630572,Q11921506,grandson
Q7599476,Q465818,Q42302432,daughter's daughter
Q8006910,Q76018217,Q20746725,adopted son
Q80596,Q166389,Q3752578,son-in-law
Q92536840,Q213812,Q61740757,adoptive father
Q930197,Q6210054,Q3972282,elder brother
Q94284464,Q5236177,Q12158205,father's brother
Q95068,Q21664350,Q23009870,cousin
Q95068,Q654779,Q23009870,cousin
Q108336476,Q241418,Q76507,aunt
Q114731601,Q114731533,Q23009870,cousin
Q114731601,Q15992154,Q76557,uncle
Q115870127,Q133313,Q76557,uncle
Q115870127,Q270150,Q4994787,maternal grandmother
Q115870127,Q469233,Q4994791,maternal grandfather
Q118937051,Q100887068,Q23009870,cousin
Q118937051,Q44380,Q76507,aunt
Q119585056,Q102012169,Q23009870,cousin
Q119585056,Q319996,Q76557,uncle
Q119585056,Q56612902,Q23009870,cousin
Q119585056,Q89949787,Q23009870,cousin
Q119585056,Q952428,Q76557,uncle
Q119700024,Q102012169,Q23009870,cousin
Q119700024,Q119585475,Q23009870,cousin
Q119700024,Q319996,Q76557,uncle
Q119700024,Q56612902,Q23009870,cousin
Q119700024,Q89949787,Q23009870,cousin
Q119700024,Q952428,Q76557,uncle
Q124101466,Q4914,Q41805469,parent's brother
Q124216268,Q7350404,Q9238344,grandfather
Q124216268,Q7409844,Q2500621,great-grandfather
Q127869125,Q296577,Q3813877,granduncle
Q133892112,Q117265290,Q76507,aunt
Q133892112,Q29260395,Q76557,uncle
Q133892112,Q29260589,Q76557,uncle
Q133892112,Q29260744,Q76557,uncle
Q133892112,Q40162,Q9235758,grandmother
Q133892112,Q7425114,Q76507,aunt
Q133892112,Q8877,Q9238344,grandfather
Q19952946,Q22974007,,
Q22302431,Q108884045,Q9235758,grandmother
Q23000822,Q22686,Q19682162,paternal grandfather
Q23000822,Q6347378,Q42240727,maternal great-grandfather
Q28062766,Q443128,Q76507,aunt
Q28221571,Q241335,Q6035384,mother's sister
Q28659023,Q28658907,,
Q28911612,Q623395,Q4994791,maternal grandfather
Q63349125,Q65663077,Q23009870,cousin
Q65663077,Q63349125,Q23009870,cousin
Q88993193,Q20974029,,
Q10314008,Q137887695,Q3403377,niece
Q103578,Q16240598,Q41798817,godson
Q103578,Q7137312,Q41798832,goddaughter
Q103578,Q7244161,Q41798817,godson
Q104077160,Q304828,Q4994791,maternal grandfather
Q107000841,Q125764443,Q9238344,grandfather
Q107415409,Q48337,Q9238344,grandfather
Q109051194,Q2713545,Q28017737,godfather
Q111022181,Q120334503,Q13204680,father-in-law
Q111022181,Q120334506,Q723868,mother-in-law
Q111022181,Q317343,Q2914212,brother-in-law
Q112039005,Q112039960,Q9238344,grandfather
Q112039005,Q44616,Q89003009,sixth cousin 4 times removed descending
Q113625582,Q104438973,Q42301631,paternal cousin
Q113625582,Q113657895,Q30254751,maternal first cousin
Q114693817,Q2267067,Q595094,sister
Q114693817,Q71332844,Q595094,sister
Q1148396,Q296511,Q23009870,cousin
Q1148396,Q325497,Q23009870,cousin
Q117031760,Q1906053,Q4994791,maternal grandfather
Q1190319,Q123378662,Q2500620,great-grandmother
Q1190319,Q123378861,Q9235758,grandmother
Q122661312,Q106676264,Q12443619,sororal nephew
Q122999095,Q4337,Q76557,uncle
Q123151903,Q44442,Q76557,uncle
Q123397624,Q150651,Q76557,uncle
Q1239933,Q115297112,Q19682162,paternal grandfather
Q1239933,Q115297226,Q12433519,paternal grandmother
Q1239933,Q115305342,Q4994791,maternal grandfather
Q1239933,Q115305508,Q4994787,maternal grandmother
Q131120,Q107293486,Q23045435,husband's sister
Q131120,Q107293488,Q23045435,husband's sister
Q131120,Q114356583,Q23214318,husband of sister of husband
Q131120,Q122003,Q23868497,husband's father
Q131120,Q1832274,Q23045425,husband's brother
Q131120,Q191740,Q23214318,husband of sister of husband
Q131120,Q27665545,Q23045435,husband's sister
Q131120,Q27665550,Q23045435,husband's sister
Q131120,Q2947264,Q23045435,husband's sister
Q131120,Q357131,Q57832810,male cousin
Q131120,Q437710,Q12150903,husband's mother
Q1320070,Q5431837,Q23009870,cousin
Q133313,Q115870127,Q3403377,niece
Q133313,Q115870179,Q3403377,niece
Q1349573,Q432562,Q4994791,maternal grandfather
Q13628723,Q22686,Q12160962,wife's father
Q13628723,Q242351,Q723868,mother-in-law
Q13628723,Q24456699,Q12158205,father's brother
Q13909,Q17515118,Q76557,uncle
Q13909,Q962604,Q76557,uncle
Q139121,Q238243,Q11972456,grandaunt
Q139697,Q391261,Q23009870,cousin
Q14539,Q505969,Q4120409,mother's brother
Q14539,Q7816240,Q2500621,great-grandfather
Q14539,Q7816240,Q26004701,maternal great-grandparent
Q14752155,Q2060442,,
Q15052227,Q17711441,Q9235758,grandmother
Q1514535,Q130455640,Q23009870,cousin
Q1514535,Q16194721,Q23009870,cousin
Q1514535,Q1827266,Q9238344,grandfather
Q1514535,Q318475,Q23009870,cousin
Q1514535,Q319996,Q23009870,cousin
Q1514535,Q952428,Q23009870,cousin
Q15459128,Q39045333,Q31819505,male first cousin
Q15727320,Q6284282,Q12158205,father's brother
Q16146234,Q134384186,Q23045278,fraternal niece
Q16148430,Q2319562,Q12158205,father's brother
Q16148430,Q590853,Q25536898,male paternal parallel cousin
Q16201724,Q137907882,Q9238344,grandfather
Q16204498,Q68543,Q76557,uncle
Q16221257,Q47507410,Q3813877,granduncle
Q16221742,Q116250023,Q19682162,paternal grandfather
Q16221742,Q16269109,Q2914212,brother-in-law
Q164782,Q22350889,Q19822354,stepdaughter
Q164782,Q22350891,Q19822354,stepdaughter
Q164782,Q234566,Q19822354,stepdaughter
Q16729844,Q1351259,Q76557,uncle
Q16730419,Q15457178,Q9235758,grandmother
Q168763,Q124526514,Q41798832,goddaughter
Q169946,Q15542608,Q19595227,maternal half-brother
Q169946,Q2077188,,
Q169946,Q4962222,,
Q17503525,Q1065210,Q27164536,great-great-great-grandfather
Q17541011,Q44077,Q10436574,third cousin
Q178348,Q551578,Q76557,uncle
Q18208500,Q47691741,Q31819505,male first cousin
Q182106,Q1565089,Q6035384,mother's sister
Q18238620,Q18913048,Q104626971,second niece
Q18238620,Q231228,Q23009870,cousin
Q18238620,Q2623520,Q76507,aunt
Q18238620,Q3043962,Q76557,uncle
Q18238620,Q36153,Q23009870,cousin
Q18238620,Q47509493,Q41810796,second nephew
Q18238620,Q47509542,Q104626971,second niece
Q192682,Q30460493,Q19682162,paternal grandfather
Q193517,Q223117,Q2914212,brother-in-law
Q193517,Q264305,Q76557,uncle
Q1992713,Q1380344,Q76557,uncle
Q1992713,Q3779636,Q31819505,male first cousin
Q1992713,Q4387550,Q76557,uncle
Q1992713,Q79231,Q31819505,male first cousin
Q200355,Q2641925,,
Q200355,Q3459129,,
Q200355,Q3657052,,
Q200355,Q5610253,,
Q204672,Q309995,Q2500621,great-grandfather
Q204672,Q3104178,Q2500620,great-grandmother
Q20826736,Q127050066,Q19595227,maternal half-brother
Q20826736,Q127050087,Q19595227,maternal half-brother
Q20901722,Q10738,Q69610263,second cousin once removed descending
Q20901722,Q2458450,Q12315099,second uncle
Q20993894,Q64683518,Q57832810,male cousin
Q21067420,Q721922,Q76557,uncle
Q218210,Q6896606,Q12433519,paternal grandmother
Q218210,Q72717,Q19682162,paternal grandfather
Q21872603,Q311165,Q31819505,male first cousin
Q220308,Q91257087,Q15224724,nephew
Q220308,Q91257493,Q15224724,nephew
Q223854,Q23137488,Q2500621,great-grandfather
Q2253895,Q4945016,Q23009870,cousin
Q228877,Q40064,Q3403377,niece
Q230530,Q175299,Q402152,ancestor
Q231249,Q104451312,Q4994791,maternal grandfather
Q231249,Q121365748,Q3813877,granduncle
Q231249,Q16195777,Q12315099,second uncle
Q231249,Q18249361,Q31819505,male first cousin
Q231249,Q18926769,Q12433519,paternal grandmother
Q231249,Q2434138,Q19682171,paternal great-grandparent
Q231249,Q2434138,Q2500621,great-grandfather
Q231249,Q2557801,Q19682162,paternal grandfather
Q231249,Q2745557,Q2500621,great-grandfather
Q231249,Q2745557,Q26004701,maternal great-grandparent
Q231249,Q4797044,Q12315099,second uncle
Q231249,Q506110,Q12315099,second uncle
Q231249,Q5214310,Q3813877,granduncle
Q231249,Q611342,Q76557,uncle
Q231249,Q6246683,Q76557,uncle
Q231405,Q21077881,Q9238344,grandfather
Q231405,Q230929,Q2920422,half-sister
Q231405,Q787566,Q15312935,half-brother
Q2319135,Q1487141,Q23009870,cousin
Q232495,Q26695,Q61740757,adoptive father
Q232495,Q43093007,Q61740758,adoptive mother
Q232708,Q7612991,Q98688601,fiancé
Q23302896,Q6500901,Q9238344,grandfather
Q233618,Q137711977,,
Q234152,Q4977262,Q9238344,grandfather
Q23466,Q3617943,Q4994787,maternal grandmother
Q2356030,Q4346481,Q23009870,cousin
Q235694,Q440741,Q2914212,brother-in-law
Q2368906,Q20983703,Q18489480,daughter-in-law
Q2370283,Q7287324,Q10912818,father's younger brother
Q23712281,Q2344210,Q6035384,mother's sister
Q2382385,Q4800217,Q9238344,grandfather
Q23891,Q134280407,Q15224724,nephew
Q23891,Q134281139,Q15224724,nephew
Q23891,Q134281294,Q15224724,nephew
Q239331,Q231228,Q20746713,stepsister
Q239331,Q36153,Q20746713,stepsister
Q239411,Q5079897,Q13204680,father-in-law
Q241335,Q28221571,Q23045293,sororal niece
Q242155,Q5031678,Q6035384,mother's sister
Q242232,Q462312,Q76507,aunt
Q242555,Q17711441,Q9235758,grandmother
Q24702913,Q13561648,Q19822354,stepdaughter
Q250011,Q118105,Q23009870,cousin
Q250011,Q122209,Q23009870,cousin
Q250011,Q3194910,Q23009870,cousin
Q2507002,Q1906053,Q9238344,grandfather
Q2507002,Q230609,Q3238556,sister-in-law
Q2507002,Q4858854,Q9235758,grandmother
Q2507002,Q931181,Q76557,uncle
Q255099,Q6284282,Q12158205,father's brother
Q258854,Q483118,Q2914212,brother-in-law
Q270730,Q172044,Q3238556,sister-in-law
Q270730,Q185140,Q2914212,brother-in-law
Q28001783,Q7815833,Q9235758,grandmother
Q28140172,Q28474288,Q76557,uncle
Q28140172,Q30529095,Q31819505,male first cousin
Q28935729,Q133876952,,
Q2938630,Q7537152,Q15224724,nephew
Q306403,Q136526025,Q15224724,nephew
Q30944662,Q98593860,Q31819505,male first cousin
Q3097555,Q432562,Q4994791,maternal grandfather
Q3099987,Q458519,,
Q312781,Q9557,Q15224724,nephew
Q313039,Q223117,Q2914212,brother-in-law
Q313381,Q107395469,Q3403377,niece
Q314569,Q2158716,Q76557,uncle
Q315271,Q227129,Q19822354,stepdaughter
Q316187,Q99925317,Q23045211,fraternal nephew
Q318134,Q20993895,Q19595226,paternal half-brother
Q318134,Q20993896,Q19595226,paternal half-brother
Q318134,Q64683518,Q57832810,male cousin
Q318204,Q116755169,Q10291472,younger brother
Q319336,Q3508880,Q23009870,cousin
Q319336,Q547217,Q23009870,cousin
Q32620,Q5045222,Q5992509,father's sister
Q335579,Q617012,Q10861465,brother
Q3378803,Q15966200,Q2500621,great-grandfather
Q349591,Q469595,Q2500620,great-grandmother
Q36153,Q18238620,Q23009870,cousin
Q366939,Q4461,Q20746713,stepsister
Q366939,Q932051,Q20746702,stepbrother
Q370726,Q1017855,Q15224724,nephew
Q372788,Q12858652,Q12158205,father's brother
Q37805197,Q135191169,Q12158205,father's brother
Q37805698,Q135191169,Q12158205,father's brother
Q3840847,Q14948728,Q23009870,cousin
Q3840847,Q7689092,Q23009870,cousin
Q3856266,Q18218031,Q23009870,cousin
Q391261,Q139697,Q23009870,cousin
Q3990,Q4346481,Q23045278,fraternal niece
Q40057,Q29260589,Q20746702,stepbrother
Q42493,Q1350623,Q4120409,mother's brother
Q42493,Q84772412,Q9238344,grandfather
Q425821,Q5549532,Q76557,uncle
Q4293492,Q742812,,
Q435055,Q2276547,Q2914212,brother-in-law
Q435055,Q313470,Q2914212,brother-in-law
Q435055,Q53060299,Q2914212,brother-in-law
Q435055,Q55767375,Q2914212,brother-in-law
Q438065,Q107971550,Q57832811,female cousin
Q44137,Q7302247,Q23045435,husband's sister
Q44322672,Q132537,Q9238344,grandfather
Q4461939,Q6347378,Q9238344,grandfather
Q4552488,Q352733,,
Q456076,Q2273636,Q28017739,godmother
Q460882,Q6175246,Q76557,uncle
Q4720612,Q83233,Q19682162,paternal grandfather
Q4726815,Q1386431,Q13211706,husband of mother's sister
Q4726815,Q1386431,Q61740757,adoptive father
Q4739681,Q38222,Q61740757,adoptive father
Q4739681,Q463119,Q61740758,adoptive mother
Q4739681,Q6377498,Q25291043,adoptive sister
Q4749380,Q380900,Q12315099,second uncle
Q4784296,Q304828,Q4994791,maternal grandfather
Q47899,Q124463846,Q26181623,great-granduncle
Q47899,Q324956,Q2500621,great-grandfather
Q47899,Q6758401,Q26181623,great-granduncle
Q4886439,Q237270,Q23009870,cousin
Q4945016,Q2253895,Q23009870,cousin
Q503706,Q2685,Q13204680,father-in-law
Q509953,Q106583326,,
Q509953,Q5698630,,
Q511832,Q22344335,Q3403377,niece
Q5142677,Q6827901,,
Q520482,Q2622253,,
Q5279265,Q66250552,Q3403377,niece
Q5336101,Q113719970,,
Q5336101,Q275964,,
Q5386105,Q65151405,Q12158205,father's brother
Q5389146,Q16843706,Q20746713,stepsister
Q540608,Q128807841,Q9238344,grandfather
Q558301,Q21455651,Q6035384,mother's sister
Q558301,Q4759417,Q4120409,mother's brother
Q558301,Q6732147,Q4120409,mother's brother
Q56161930,Q123029100,Q12051531,female first cousin
Q575689,Q115626511,Q4346792,stepson
Q575689,Q16209581,Q20746702,stepbrother
Q575689,Q554091,Q20746702,stepbrother
Q5910066,Q233125,Q57832811,female cousin
Q59220724,Q2438452,Q76557,uncle
Q5971606,Q19609821,Q76507,aunt
Q60658646,Q7490191,Q76507,aunt
Q6124907,Q6187793,,
Q6150590,Q26703280,Q3103421,stepchild
Q6177770,Q110434703,Q167918,grandparent
Q6177770,Q586084,Q76557,uncle
Q62471051,Q6789145,Q3433569,second cousin
Q6249723,Q1507631,Q2500621,great-grandfather
Q6273560,Q3247831,Q76557,uncle
Q6273560,Q4914,Q3972282,elder brother
Q6273560,Q7403282,Q23009870,cousin
Q63187832,Q243103,Q4994787,maternal grandmother
Q63187832,Q455818,Q4994791,maternal grandfather
Q6385650,Q441452,Q76507,aunt
Q652791,Q3945220,Q76557,uncle
Q65941020,Q1951828,Q2914212,brother-in-law
Q65941020,Q2891336,Q3238556,sister-in-law
Q65941020,Q44546,Q13204680,father-in-law
Q65941020,Q953187,Q2914212,brother-in-law
Q66459247,Q34460,Q42301631,paternal cousin
Q66459247,Q6990999,Q3238556,sister-in-law
Q6789123,Q4977262,Q9238344,grandfather
Q6812710,Q7702149,Q3238556,sister-in-law
Q6827844,Q136095163,Q76557,uncle
Q6827844,Q136095169,Q23009870,cousin
Q6827844,Q1688887,Q19901270,grandaunt or granduncle
Q6827844,Q1748652,Q76557,uncle
Q6827844,Q437944,Q9238344,grandfather
Q6827844,Q6678821,Q76557,uncle
Q6968197,Q1284974,Q4994787,maternal grandmother
Q6968197,Q5496711,Q4994791,maternal grandfather
Q7129096,Q1702236,Q19682162,paternal grandfather
Q7129096,Q6265230,Q19595226,paternal half-brother
Q715572,Q6389673,Q76557,uncle
Q722830,Q15542608,Q19595227,maternal half-brother
Q7341661,Q5115306,Q76557,uncle
Q738253,Q66250552,Q3403377,niece
Q73861499,Q2329828,Q9238344,grandfather
Q7422381,Q161819,,
Q7422381,Q276398,,
Q7422381,Q56093,,
Q7422381,Q6066621,,
Q742812,Q4293492,,
Q7539,Q99925317,Q23045211,fraternal nephew
Q79231,Q1380344,Q76557,uncle
Q79231,Q1992713,Q31819505,male first cousin
Q792976,Q28599786,Q15224724,nephew
Q842633,Q1964801,Q3238556,sister-in-law
Q842633,Q2030356,Q19682171,paternal great-grandparent
Q842633,Q708554,Q19682162,paternal grandfather
Q90670673,Q123900426,Q76557,uncle
Q95707990,Q114830056,Q76557,uncle
Q96224414,Q102055307,Q17770960,second aunt
Q96224414,Q10853588,Q6035384,mother's sister
Q96224414,Q16196331,Q1282201,stepfather
Q104638589,Q34836,Q3813877,granduncle
Q105427815,Q17421659,Q76557,uncle
Q108306,Q142472,Q76507,aunt
Q11719840,Q4759667,Q23045425,husband's brother
Q15080993,Q72652,Q23009870,cousin
Q152301,Q59184001,Q2914212,brother-in-law
Q155794,Q65204,Q13204680,father-in-law
Q16016103,Q193628,Q15657883,son's son
Q16016103,Q2001430,Q12183411,daughter's son
Q16016103,Q245808,Q15657883,son's son
Q16016103,Q2966568,Q15657883,son's son
Q16016103,Q313705,Q12183411,daughter's son
Q16016103,Q42869,Q15657883,son's son
Q16016103,Q6755482,Q15657883,son's son
Q16201390,Q3371082,Q15224724,nephew
Q16749865,Q20810412,Q13204680,father-in-law
Q16749865,Q4797809,Q2914212,brother-in-law
Q1682187,Q6213391,Q3752578,son-in-law
Q1702357,Q6758295,Q12158205,father's brother
Q185007,Q122004853,Q23045278,fraternal niece
Q185007,Q3734270,Q12051531,female first cousin
Q192133,Q133473382,Q19595229,maternal half-sister
Q1981308,Q6763589,Q3403377,niece
Q204205,Q6765719,Q12051531,female first cousin
Q207356,Q1176607,Q31819505,male first cousin
Q207739,Q16006456,Q4346792,stepson
Q260969,Q131465246,Q11921506,grandson
Q2654502,Q238090,Q4994791,maternal grandfather
Q271187,Q7349755,Q15224724,nephew
Q285493,Q16211813,Q19756330,granddaughter
Q285493,Q16214487,Q19756330,granddaughter
Q2864973,Q110626453,Q31819505,male first cousin
Q2864973,Q61074,Q76557,uncle
Q2935481,Q21176767,Q12158205,father's brother
Q3011050,Q102488827,Q13204680,father-in-law
Q304828,Q4784296,Q12183411,daughter's son
Q3052234,Q16194721,Q3403377,niece
Q3052234,Q318475,Q15224724,nephew
Q3052234,Q319996,Q15224724,nephew
Q3052234,Q952428,Q15224724,nephew
Q3229564,Q18739011,Q595094,sister
Q344735,Q1466493,Q15224724,nephew
Q344735,Q350819,Q3752578,son-in-law
Q3453627,Q299483,Q3103421,stepchild
Q3481041,Q7409844,Q76557,uncle
Q3481041,Q93788,Q12160962,wife's father
Q350678,Q1703212,Q15224724,nephew
Q357624,Q12019446,Q12051531,female first cousin
Q361653,Q16546380,Q15224724,nephew
Q3848368,Q367927,Q2914212,brother-in-law
Q3848368,Q5372657,Q2914212,brother-in-law
Q40475,Q75758653,Q20746728,adopted daughter
Q40475,Q75758662,Q20746728,adopted daughter
Q4061,Q17379332,Q19756330,granddaughter
Q4083804,Q12791353,Q4346792,stepson
Q439985,Q7963903,Q76557,uncle
Q45970,Q47067306,Q23045278,fraternal niece
Q45970,Q52820957,Q15224724,nephew
Q45970,Q544902,,
Q45970,Q9276101,Q3238556,sister-in-law
Q4764118,Q29617018,Q76557,uncle
Q4943194,Q5360405,Q19822354,stepdaughter
Q5296995,Q102124,Q3403377,niece
Q5443,Q126353701,Q3403377,niece
Q5473559,Q706953,Q15224724,nephew
Q56016,Q273727,Q3403377,niece
Q59112,Q450751,Q76557,uncle
Q59112,Q47946,Q9238344,grandfather
Q59112,Q521095,Q31819505,male first cousin
Q60025,Q1606143,Q76507,aunt
Q6153345,Q283496,,
Q6712676,Q107288545,Q11921506,grandson
Q6778302,Q273212,,
Q6778302,Q3850444,,
Q698102,Q22086756,Q12051531,female first cousin
Q698102,Q2779550,Q2500620,great-grandmother
Q698102,Q352,Q76557,uncle
Q698102,Q385804,Q2500621,great-grandfather
Q698102,Q84642,Q12051531,female first cousin
Q698102,Q85046,Q31819505,male first cousin
Q706968,Q33391,Q76557,uncle
Q708554,Q233905,Q18489480,daughter-in-law
Q72652,Q15080993,Q23009870,cousin
Q72717,Q218210,Q12438956,son's daughter
Q77087,Q2524329,Q76557,uncle
Q77087,Q76480,Q76557,uncle
Q795022,Q1057736,Q4113832,great-nephew
Q795022,Q6530788,Q15224724,nephew
Q88907214,Q2568880,Q19680017,great-grandson
Q88907214,Q448594,Q3238556,sister-in-law
Q918359,Q1825614,Q723868,mother-in-law
Q93624,Q2357893,Q19822354,stepdaughter
Q93624,Q3447603,Q4346792,stepson
Q93624,Q3784099,Q19822354,stepdaughter
Q93624,Q3808920,Q19822354,stepdaughter
Q93624,Q3850197,Q19822354,stepdaughter
Q93624,Q84737,Q4346792,stepson
Q93624,Q85985,Q19822354,stepdaughter
Q960873,Q12047145,Q15224724,nephew
Q960873,Q4734258,Q31819505,male first cousin
Q960873,Q4832689,Q9238344,grandfather
Q960873,Q4879486,Q3813877,granduncle
Q990788,Q1586766,Q2914212,brother-in-law
Q101413594,Q101413633,Q4994787,maternal grandmother
Q101413594,Q344735,Q4994791,maternal grandfather
Q104077055,Q15958103,Q12158205,father's brother
Q104077294,Q5553490,Q12158205,father's brother
Q104889224,Q7611968,Q41805469,parent's brother
Q106543540,Q6551880,Q76507,aunt
Q108768988,Q115601274,Q76507,aunt
Q108768988,Q131268915,Q3813877,granduncle
Q108768988,Q259998,Q4994787,maternal grandmother
Q108768988,Q28664727,Q76557,uncle
Q110652928,Q111914240,Q10861465,brother
Q110652928,Q11837005,Q76507,aunt
Q110652928,Q16189488,Q76557,uncle
Q110652928,Q6660285,Q76507,aunt
Q110652928,Q893766,Q4994791,maternal grandfather
Q110652928,Q955336,Q1282201,stepfather
Q113799590,Q6012739,Q76557,uncle
Q115541,Q12858640,Q76507,aunt
Q116451617,Q16731348,Q23009870,cousin
Q116509916,Q116509915,Q23009870,cousin
Q118213236,Q15616641,Q76507,aunt
Q1189560,Q108336476,Q42301620,maternal cousin
Q1189560,Q135412686,Q6035384,mother's sister
Q1189560,Q3435192,Q76557,uncle
Q123186455,Q1738053,Q12158205,father's brother
Q124343901,Q78302484,,
Q124343901,Q78468557,,
Q124517842,Q109993308,Q31819505,male first cousin
Q124517842,Q52151577,Q76557,uncle
Q124629808,Q11887874,Q76557,uncle
Q127726335,Q313537,Q76557,uncle
Q130308206,Q114830056,Q12158205,father's brother
Q131429798,Q643754,Q2500621,great-grandfather
Q132631757,Q294931,Q58837291,great-great-grandfather
Q13360703,Q12242366,,
Q135456230,Q135668271,Q23045435,husband's sister
Q14191086,Q2057232,,
Q14375933,Q5495231,Q42240727,maternal great-grandfather
Q15617884,Q1189327,,
Q15617884,Q232646,,
Q15937109,Q275094,Q76507,aunt
Q16212482,Q1200082,Q1282201,stepfather
Q16226579,Q7705010,Q12315099,second uncle
Q16731348,Q116451617,Q23009870,cousin
Q16734592,Q114322,,
Q16888031,Q107990739,Q4994787,maternal grandmother
Q16943141,Q20674917,Q4838063,stepmother
Q16943141,Q920364,Q9238344,grandfather
Q17037439,Q232646,,
Q17403398,Q471495,Q2500621,great-grandfather
Q17487638,Q254789,Q76507,aunt
Q17487638,Q533883,Q76507,aunt
Q17487638,Q7812365,Q76557,uncle
Q17523834,Q17711441,Q9235758,grandmother
Q17612516,Q510248,,
Q20675842,Q1688013,Q2500621,great-grandfather
Q2081358,Q1949093,Q12158205,father's brother
Q20993895,Q20993894,Q19595228,paternal half-sister
Q20993895,Q64683518,Q57832810,male cousin
Q213736,Q56641729,Q12091051,wife of mother's brother
Q228598,Q40523,Q76507,aunt
Q228598,Q454404,Q76507,aunt
Q228598,Q6382338,Q20746702,stepbrother
Q228598,Q6386223,Q1282201,stepfather
Q229044,Q1557478,Q2914212,brother-in-law
Q22959077,Q101446679,Q31819505,male first cousin
Q22974007,Q19952946,,
Q233412,Q107066837,Q2500620,great-grandmother
Q233412,Q107066939,Q2500621,great-grandfather
Q233412,Q107067042,Q76557,uncle
Q233412,Q107180353,Q76507,aunt
Q233412,Q3548056,Q9235758,grandmother
Q233412,Q7424127,Q57832811,female cousin
Q23664656,Q254596,Q6035384,mother's sister
Q24248537,Q131324,Q76507,aunt
Q24248537,Q217427,Q76507,aunt
Q24248537,Q2831,Q76557,uncle
Q24248537,Q336222,Q76557,uncle
Q24248537,Q44855,Q76557,uncle
Q24639305,Q132952,Q76557,uncle
Q26265164,Q91130271,Q19682162,paternal grandfather
Q26265164,Q91244472,Q12433519,paternal grandmother
Q27950933,Q311289,Q76557,uncle
Q28056822,Q1139511,Q76557,uncle
Q28056822,Q215976,Q76507,aunt
Q28056822,Q254431,Q76507,aunt
Q28056822,Q28056797,Q12051531,female first cousin
Q28056822,Q28056815,Q31819505,male first cousin
Q28056822,Q294185,Q76557,uncle
Q28056822,Q900707,Q2500621,great-grandfather
Q28109921,Q134549,Q3813877,granduncle
Q28109921,Q24004771,Q31819505,male first cousin
Q28109921,Q24004771,Q42301631,paternal cousin
Q28109921,Q25310,Q3813877,granduncle
Q28109921,Q3436301,Q4120409,mother's brother
Q28109921,Q3529079,Q4120409,mother's brother
Q28109921,Q38196234,Q12158205,father's brother
Q28109921,Q4773467,Q4120409,mother's brother
Q28109921,Q6769708,Q4120409,mother's brother
Q28109921,Q9696,Q3813877,granduncle
Q3603070,Q4119904,Q23009870,cousin
Q37856256,Q120102519,Q23009870,cousin
Q38203565,Q112066074,Q2914212,brother-in-law
Q38203565,Q112066214,Q15224724,nephew
Q38203565,Q112066235,Q15224724,nephew
Q38203565,Q112066341,Q3403377,niece
Q38203565,Q112066400,Q19682162,paternal grandfather
Q38203565,Q112066521,Q12433519,paternal grandmother
Q39335345,Q260378,,
Q3935797,Q1189327,,
Q3935797,Q232646,,
Q41671742,Q1386431,Q13211706,husband of mother's sister
Q41671742,Q1386431,Q61740757,adoptive father
Q426999,Q110824076,Q58837291,great-great-grandfather
Q426999,Q134477,Q2500620,great-grandmother
Q426999,Q5367583,Q27164472,great-great-grandmother
Q426999,Q6551441,Q4994787,maternal grandmother
Q426999,Q98699823,Q19682162,paternal grandfather
Q426999,Q98699825,Q41823427,paternal grandfather's father
Q426999,Q98699827,Q89006999,father's father's father's father
Q426999,Q98699829,Q89007001,father's father's father's mother
Q426999,Q98699847,Q41854901,paternal great-grandmother
Q426999,Q98699854,Q12433519,paternal grandmother
Q426999,Q98699861,Q4994791,maternal grandfather
Q466091,Q316231,Q76557,uncle
Q47482370,Q136225724,Q9235758,grandmother
Q47482370,Q14702153,Q9238344,grandfather
Q47482370,Q29530195,Q76507,aunt
Q47482370,Q319996,Q76557,uncle
Q47482370,Q51685817,Q76557,uncle
Q47482370,Q56612902,Q23009870,cousin
Q47482370,Q952428,Q76557,uncle
Q47492898,Q110044563,Q723868,mother-in-law
Q47663402,Q47691741,Q31819505,male first cousin
Q50486592,Q231648,Q23009870,cousin
Q50486592,Q295923,Q76557,uncle
Q50486592,Q8021553,Q9238344,grandfather
Q50486592,Q8067580,Q23009870,cousin
Q51763739,Q2642437,Q76507,aunt
Q54688,Q1343292,Q4120409,mother's brother
Q54688,Q2563094,Q3813877,granduncle
Q54688,Q3682836,Q4994787,maternal grandmother
Q54688,Q593919,Q4994791,maternal grandfather
Q56543938,Q13938,Q5992509,father's sister
Q56612902,Q102012169,Q23009870,cousin
Q56612902,Q16194721,Q76507,aunt
Q56612902,Q3052234,Q3813877,granduncle
Q56612902,Q3056362,Q23009870,cousin
Q56612902,Q54966735,Q23009870,cousin
Q56612902,Q54985773,Q23009870,cousin
Q56612902,Q952428,Q76557,uncle
Q57204532,Q152316,Q76557,uncle
Q57204532,Q3304418,Q76507,aunt
Q57204532,Q43918214,Q9238344,grandfather
Q57204532,Q62938826,Q31819505,male first cousin
Q57315469,Q221074,Q9238344,grandfather
Q58972438,Q16012819,Q19682162,paternal grandfather
Q61600769,Q55419,Q9238344,grandfather
Q61600769,Q712449,Q76557,uncle
Q61600769,Q7323574,Q76557,uncle
Q61600769,Q92257,Q76507,aunt
Q62059165,Q298315,Q76557,uncle
Q62059165,Q360518,Q76557,uncle
Q63710339,Q453611,,
Q64683518,Q20993894,Q57832811,female cousin
Q64683518,Q20993895,Q57832810,male cousin
Q64683518,Q20993896,Q57832810,male cousin
Q64683518,Q2263,Q76557,uncle
Q64683518,Q318134,Q57832810,male cousin
Q65950427,Q73699750,Q57832811,female cousin
Q66606801,Q3039327,Q9238344,grandfather
Q66606801,Q6759947,Q76507,aunt
Q66606801,Q7610649,Q76557,uncle
Q6818195,Q542267,Q31819505,male first cousin
Q6818195,Q551154,Q31819505,male first cousin
Q6818195,Q6096,Q31819505,male first cousin
Q6818195,Q690974,Q12051531,female first cousin
Q70954450,Q5344737,Q4994791,maternal grandfather
Q72219322,Q19658,Q76557,uncle
Q749702,Q1608378,Q3813877,granduncle
Q75244337,Q27107390,Q6035384,mother's sister
Q87293609,Q311103,Q76557,uncle
Q87293609,Q84968132,Q12051531,female first cousin
Q87293609,Q87612647,Q19682162,paternal grandfather
Q87293609,Q87612965,Q12433519,paternal grandmother
Q87293609,Q87615388,Q4994791,maternal grandfather
Q87293609,Q87616368,Q4994787,maternal grandmother
Q901541,Q134549,Q3813877,granduncle
Q901541,Q24004771,Q31819505,male first cousin
Q901541,Q24004771,Q42301631,paternal cousin
Q901541,Q25310,Q3813877,granduncle
Q901541,Q3436301,Q4120409,mother's brother
Q901541,Q3529079,Q4120409,mother's brother
Q901541,Q38196234,Q12158205,father's brother
Q901541,Q4773467,Q4120409,mother's brother
Q901541,Q6769708,Q4120409,mother's brother
Q901541,Q9696,Q3813877,granduncle
Q91012851,Q2844566,Q76507,aunt
Q91012851,Q3939895,Q4120409,mother's brother
Q91012851,Q59524523,Q4994791,maternal grandfather
Q99461729,Q507748,Q402152,ancestor
Q108408361,Q16594159,Q3238556,sister-in-law
Q108408361,Q6763589,Q3403377,niece
Q1101372,Q26869071,Q6035384,mother's sister
Q113712132,Q46975806,Q11921506,grandson
Q113712132,Q519282,Q11921506,grandson
Q113712132,Q56615169,Q19756330,granddaughter
Q113712132,Q98156846,Q19756330,granddaughter
Q113712132,Q98158691,Q19756330,granddaughter
Q1343692,Q110823038,Q19680017,great-grandson
Q1375571,Q931225,Q57832810,male cousin
Q149507,Q104161,Q12160962,wife's father
Q1618,Q18609681,Q9238344,grandfather
Q173540,Q110862750,Q23009870,cousin
Q173540,Q16197672,Q15224724,nephew
Q18638543,Q326217,Q19756330,granddaughter
Q188093,Q5078949,Q9238344,grandfather
Q188093,Q96311869,Q9235758,grandmother
Q192506,Q13003,Q13204680,father-in-law
Q213302,Q287057,Q2914212,brother-in-law
Q213302,Q930812,Q20746725,adopted son
Q213500,Q90974930,Q11921506,grandson
Q2159242,Q238036,Q3238556,sister-in-law
Q2159242,Q4459751,Q3238556,sister-in-law
Q2159242,Q61074,Q31819505,male first cousin
Q230068,Q11731365,Q4120409,mother's brother
Q230068,Q17176941,Q25536898,male paternal parallel cousin
Q230068,Q8861061,Q6035384,mother's sister
Q230068,Q8861668,Q6035384,mother's sister
Q230068,Q9287322,Q113883354,female parallel cousin
Q230068,Q950605,Q12158205,father's brother
Q255815,Q1700299,Q12158205,father's brother
Q255815,Q461228,Q9238344,grandfather
Q255815,Q6762757,Q5992509,father's sister
Q2745557,Q228766,Q13183045,great-granddaughter
Q2745557,Q231249,Q13183045,great-granddaughter
Q2745557,Q4797044,Q11921506,grandson
Q298685,Q121491647,Q19822354,stepdaughter
Q3039327,Q66606801,Q11921506,grandson
Q3182677,Q1386416,Q4120409,mother's brother
Q334952,Q3436720,Q20746725,adopted son
Q367032,Q318475,Q15224724,nephew
Q367927,Q770561,Q76557,uncle
Q3720088,Q1466309,Q76557,uncle
Q3720088,Q776847,Q9238344,grandfather
Q448594,Q88907214,Q3238556,sister-in-law
Q4612,Q61422101,Q2914212,brother-in-law
Q4930851,Q3082561,Q1282201,stepfather
Q51495,Q524094,Q3238556,sister-in-law
Q51495,Q61074,Q31819505,male first cousin
Q5367583,Q222071,Q13183045,great-granddaughter
Q5367583,Q426999,Q42297295,great-great-granddaughter
Q5367583,Q6551441,Q42302432,daughter's daughter
Q5703964,Q202475,Q19756330,granddaughter
Q63487040,Q3057177,Q76557,uncle
Q63487040,Q3337906,Q76507,aunt
Q6698192,Q712946,Q9238344,grandfather
Q721957,Q136047706,Q42302432,daughter's daughter
Q96677967,Q372073,Q15224724,nephew
Q104013227,Q106824560,Q11921506,grandson
Q1057736,Q795022,Q3813877,granduncle
Q1057926,Q2662683,Q61740757,adoptive father
Q107037607,Q2967602,Q13204680,father-in-law
Q10738,Q20901722,Q69611015,second cousin once removed ascending
Q10738,Q2458450,Q4994791,maternal grandfather
Q10738,Q2474413,Q23009870,cousin
Q10738,Q275971,Q23009870,cousin
Q10738,Q3959987,Q13204680,father-in-law
Q10738,Q6539386,Q4994787,maternal grandmother
Q1140914,Q100135417,Q19822354,stepdaughter
Q1140914,Q16217493,Q4346792,stepson
Q1140914,Q7365461,Q4346792,stepson
Q116464114,Q116532653,Q23009870,cousin
Q12219365,Q115624928,Q23045278,fraternal niece
Q124369857,Q355781,Q9238344,grandfather
Q124369857,Q637374,Q2500621,great-grandfather
Q136093776,Q136095163,Q76557,uncle
Q136093776,Q136095169,Q23009870,cousin
Q136093776,Q1688887,Q19901270,grandaunt or granduncle
Q136093776,Q1748652,Q76557,uncle
Q136093776,Q437944,Q9238344,grandfather
Q136093776,Q6678821,Q76557,uncle
Q13938,Q56543938,Q23045278,fraternal niece
Q14313,Q179257,Q23009870,cousin
Q1458276,Q55361153,,
Q1487141,Q127548,Q23009870,cousin
Q1487141,Q2319135,Q23009870,cousin
Q1487141,Q291024,Q23009870,cousin
Q1487141,Q401963,Q23009870,cousin
Q1487141,Q432732,Q76507,aunt
Q15958103,Q104077055,Q23045211,fraternal nephew
Q16202911,Q29121979,Q23009870,cousin
Q165518,Q1187504,Q76557,uncle
Q166216,Q106919,Q4994787,maternal grandmother
Q166216,Q126888301,Q4120409,mother's brother
Q166216,Q1308545,Q131783906,maternal grandfather's brother
Q166216,Q296796,Q4994791,maternal grandfather
Q166216,Q512184,Q6035384,mother's sister
Q166216,Q775572,Q12315099,second uncle
Q17184159,Q19667006,Q13204680,father-in-law
Q17184159,Q23682373,Q723868,mother-in-law
Q1729888,Q132125884,Q12150991,wife's sister
Q1747322,Q6176240,Q2914212,brother-in-law
Q179257,Q14313,Q23009870,cousin
Q1832274,Q105083753,Q23045278,fraternal niece
Q1832274,Q105083757,Q23045211,fraternal nephew
Q1832274,Q105083759,Q23045278,fraternal niece
Q1832274,Q105083777,Q12443619,sororal nephew
Q1832274,Q105083780,Q23045293,sororal niece
Q1832274,Q1058602,Q12315099,second uncle
Q1832274,Q107074164,Q13184390,sister's husband
Q1832274,Q107214956,Q4994787,maternal grandmother
Q1832274,Q107402056,Q4994791,maternal grandfather
Q1832274,Q107402170,Q12433519,paternal grandmother
Q1832274,Q114356583,Q13184390,sister's husband
Q1832274,Q131120,Q13184281,brother's wife
Q1832274,Q191740,Q13184390,sister's husband
Q1832274,Q194762,Q11972456,grandaunt
Q1832274,Q27664982,Q1282201,stepfather
Q1832274,Q313463,Q84158642,male second cousin
Q1832274,Q3312950,Q1282201,stepfather
Q1832274,Q33508315,Q4838063,stepmother
Q1832274,Q711358,Q19682162,paternal grandfather
Q185140,Q270730,Q2914212,brother-in-law
Q188492,Q4800217,Q9238344,grandfather
Q189351,Q458464,Q61740757,adoptive father
Q190972,Q3260513,Q89000430,6th great-grandfather
Q193628,Q313705,Q23009870,cousin
Q193628,Q42869,Q23009870,cousin
Q19658,Q72219322,Q15224724,nephew
Q2032797,Q4514365,Q9238344,grandfather
Q215366,Q5419326,Q2914212,brother-in-law
Q229018,Q66689181,Q19682162,paternal grandfather
Q229048,Q230993,Q12051531,female first cousin
Q229048,Q6206169,Q12051531,female first cousin
Q229249,Q193338,Q30868674,spouse's uncle
Q22984560,Q38111,Q20746702,stepbrother
Q230203,Q114731533,Q3403377,niece
Q231648,Q50486592,Q23009870,cousin
Q231730,Q299419,,
Q239955,Q2669417,,
Q240467,Q242749,Q76507,aunt
Q240467,Q519321,Q76557,uncle
Q240467,Q6187236,Q12051531,female first cousin
Q24293161,Q6284282,Q12158205,father's brother
Q249107,Q313941,Q31819505,male first cousin
Q25191,Q12858652,Q12158205,father's brother
Q257442,Q59574788,Q19595228,paternal half-sister
Q26210887,Q35171,Q402152,ancestor
Q263024,Q107561058,Q402152,ancestor
Q2669417,Q239955,,
Q272956,Q7560476,Q2920422,half-sister
Q27663202,Q25191,Q2914212,brother-in-law
Q28033745,Q160456,Q76507,aunt
Q28059698,Q28059677,Q15224724,nephew
Q2966650,Q3426869,Q4994791,maternal grandfather
Q298315,Q173275,Q4120409,mother's brother
Q298315,Q358774,Q4120409,mother's brother
Q298315,Q62059165,Q15224724,nephew
Q310073,Q6396492,Q23009870,cousin
Q3142733,Q1769264,Q28017739,godmother
Q3142733,Q299282,Q28017737,godfather
Q315208,Q16014546,Q9235758,grandmother
Q315208,Q23304252,Q23009870,cousin
Q316231,Q466091,Q3403377,niece
Q317521,Q104721242,Q20746713,stepsister
Q317521,Q6708744,Q31819505,male first cousin
Q3184556,Q170572,Q23009870,cousin
Q3184556,Q310947,Q23009870,cousin
Q3184556,Q313546,Q23009870,cousin
Q3184556,Q432940,Q23009870,cousin
Q3423441,Q215868,Q23009870,cousin
Q351290,Q364822,Q2914212,brother-in-law
Q351290,Q446104,Q3238556,sister-in-law
Q355388,Q7702131,Q4838063,stepmother
Q3675700,Q3378830,Q9238344,grandfather
Q38111,Q111151873,Q4994787,maternal grandmother
Q38111,Q22984560,Q15312935,half-brother
Q3843845,Q51566,Q23009870,cousin
Q401963,Q1487141,Q23009870,cousin
Q40321,Q28974221,Q2500621,great-grandfather
Q41056799,Q48751399,Q4994787,maternal grandmother
Q41056799,Q54957623,Q4994791,maternal grandfather
Q428819,Q339358,Q12158205,father's brother
Q4328437,Q128450737,Q3403377,niece
Q433157,Q32810868,Q4346792,stepson
Q433217,Q13938,Q41798832,goddaughter
Q4355600,Q724153,Q9238344,grandfather
Q44152,Q1831901,Q76557,uncle
Q44152,Q3049973,,
Q444429,Q1680491,Q4994791,maternal grandfather
Q444429,Q5687645,Q19682162,paternal grandfather
Q456291,Q7287314,,
Q459971,Q7320033,,
Q462312,Q242232,Q3403377,niece
Q472320,Q1094429,Q4120409,mother's brother
Q472790,Q29054756,Q19595226,paternal half-brother
Q472790,Q3645471,Q4994791,maternal grandfather
Q472790,Q6709152,Q4838063,stepmother
Q483118,Q258854,Q3238556,sister-in-law
Q486103,Q5074809,Q9238344,grandfather
Q5191345,Q6777425,Q76557,uncle
Q5209661,Q55400,Q30868674,spouse's uncle
Q5312857,Q3431599,,
Q5372053,Q5236177,Q9238344,grandfather
Q5596223,Q2713545,Q30868674,spouse's uncle
Q5608,Q107023583,Q4120409,mother's brother
Q5608,Q114880010,Q4120409,mother's brother
Q596551,Q1256739,Q2914212,brother-in-law
Q600273,Q617175,Q23009870,cousin
Q60229347,Q215359,Q3403377,niece
Q60229347,Q320052,Q23009870,cousin
Q60229347,Q3700330,Q23009870,cousin
Q6096,Q1041341,Q23009870,cousin
Q6096,Q47159,Q23009870,cousin
Q6096,Q542267,Q23009870,cousin
Q6096,Q551154,Q23009870,cousin
Q6096,Q6818195,Q23009870,cousin
Q6096,Q690974,Q23009870,cousin
Q6107,Q2153802,Q23009870,cousin
Q6107,Q467961,Q28017739,godmother
Q6107,Q467961,Q76507,aunt
Q6107,Q711080,Q28017737,godfather
Q627098,Q6681228,Q27164536,great-great-great-grandfather
Q632756,Q137907882,Q9238344,grandfather
Q6404568,Q128807841,Q9238344,grandfather
Q6957892,Q93705,Q27164515,great-great-grandparent
Q723496,Q62579275,Q3433569,second cousin
Q7279343,Q236402,Q7611038,stepmother-in-law
Q7403282,Q4914,Q23009870,cousin
Q7403282,Q6273560,Q23009870,cousin
Q74090046,Q7312891,Q57832810,male cousin
Q7453105,Q16749865,Q30868674,spouse's uncle
Q7681850,Q228882,Q23009870,cousin
Q83677,Q1589146,Q58837291,great-great-grandfather
Q83677,Q183182,Q9238344,grandfather
Q861110,Q2030356,Q19682171,paternal great-grandparent
Q861110,Q467402,Q2914212,brother-in-law
Q861110,Q708554,Q19682162,paternal grandfather
Q863042,Q190628,,
Q863042,Q207,Q31819505,male first cousin
Q863042,Q221997,,
Q863042,Q23505,Q76557,uncle
Q9150331,Q2669417,Q3403377,niece
Q92764,Q131387464,Q19682162,paternal grandfather
Q935167,Q25930006,Q3813877,granduncle
Q935167,Q710809,Q9238344,grandfather
Q979131,Q316596,Q31819505,male first cousin
Q979131,Q4720208,Q12158205,father's brother
Q979131,Q7177287,Q12158205,father's brother
Q10375173,Q19362913,Q19822354,stepdaughter
Q10375173,Q350528,Q4346792,stepson
Q10375173,Q59259,Q23009870,cousin
Q1124,Q15142858,Q3752578,son-in-law
Q113512097,Q49074,Q4120409,mother's brother
Q113512097,Q49074,Q61740757,adoptive father
Q114515668,Q29366469,Q76557,uncle
Q11614663,Q2438477,Q4346792,stepson
Q116909708,Q1687793,Q25536898,male paternal parallel cousin
Q121203550,Q1396898,Q12158205,father's brother
Q123342219,Q1761603,Q4346792,stepson
Q123342219,Q4699653,Q3752578,son-in-law
Q1271632,Q17711441,Q723868,mother-in-law
Q1277121,Q28672460,Q15224724,nephew
Q131725,Q983385,Q31819505,male first cousin
Q1340213,Q5344175,Q9238344,grandfather
Q1351601,Q232340,Q17770960,second aunt
Q1351601,Q23698849,Q12433519,paternal grandmother
Q1351601,Q312028,Q19682162,paternal grandfather
Q1351601,Q85982992,Q19682171,paternal great-grandparent
Q1351601,Q96089631,Q19682171,paternal great-grandparent
Q13562002,Q2295075,Q23009870,cousin
Q13562002,Q4310868,Q23009870,cousin
Q136094972,Q136095169,Q23009870,cousin
Q136094972,Q1688887,Q41805477,parent's sister
Q136379377,Q3679854,Q19822354,stepdaughter
Q136379377,Q95702252,Q111253799,stepgranddaughter
Q1394956,Q104424366,Q4994787,maternal grandmother
Q1394956,Q108618368,Q19822354,stepdaughter
Q1394956,Q133280779,Q308194,daughter
Q141114,Q117253951,Q19595228,paternal half-sister
Q15489158,Q171758,Q3103421,stepchild
Q15616641,Q118213236,Q3403377,niece
Q1586724,Q3189245,Q5992509,father's sister
Q1586724,Q474746,Q12158205,father's brother
Q1586724,Q4890485,Q23045211,fraternal nephew
Q16106168,Q7530703,Q76507,aunt
Q16397,Q98433994,Q23009870,cousin
Q1701620,Q1589146,Q9238344,grandfather
Q1703212,Q350678,Q76557,uncle
Q172466,Q4141131,Q3813877,granduncle
Q172466,Q7504405,Q4994791,maternal grandfather
Q17479042,Q163662,Q4994791,maternal grandfather
Q184572,Q112152047,Q15224724,nephew
Q185151,Q3703178,Q57832810,male cousin
Q190994,Q313522,Q23009870,cousin
Q194045,Q2467615,Q23009870,cousin
Q19518082,Q22279585,Q23045211,fraternal nephew
Q1971756,Q166047,,
Q1971756,Q2981650,,
Q202725,Q1349639,Q4346792,stepson
Q202725,Q233937,Q19822354,stepdaughter
Q202725,Q545438,Q19822354,stepdaughter
Q215868,Q3423441,Q23009870,cousin
Q22004720,Q1207512,Q402152,ancestor
Q2254520,Q7807881,Q42301620,maternal cousin
Q2254520,Q876726,Q42301631,paternal cousin
Q22670449,Q277978,Q15224724,nephew
Q22686,Q102257613,Q31819505,male first cousin
Q22686,Q13628723,Q3752578,son-in-law
Q22686,Q1576675,Q12158205,father's brother
Q22686,Q23000822,Q12438956,son's daughter
Q22686,Q23000825,Q11921506,grandson
Q22686,Q23600580,Q12433519,paternal grandmother
Q22686,Q29033452,Q18489480,daughter-in-law
Q22686,Q4461939,Q18489480,daughter-in-law
Q22686,Q96475328,Q23045278,fraternal niece
Q2273636,Q456076,Q41798817,godson
Q2295075,Q13562002,Q23009870,cousin
Q230744,Q449103,,
Q232340,Q1351601,Q41810796,second nephew
Q232340,Q229572,Q12051531,female first cousin
Q232340,Q6547710,Q12051531,female first cousin
Q2323644,Q448983,Q19822354,stepdaughter
Q2323644,Q50768273,Q4346792,stepson
Q233993,Q354033,Q2914212,brother-in-law
Q234058,Q133464775,Q11921506,grandson
Q2344210,Q23712281,Q3403377,niece
Q234606,Q4914,Q23009870,cousin
Q234695,Q34389,Q12051531,female first cousin
Q234695,Q465702,Q76507,aunt
Q236950,Q39045333,Q15224724,nephew
Q238327,Q5335925,Q12158205,father's brother
Q242749,Q240467,Q3403377,niece
Q243103,Q63187832,Q12183411,daughter's son
Q248207,Q1386098,,
Q256677,Q54943664,Q12051531,female first cousin
Q2636560,Q4363187,Q9238344,grandfather
Q267597,Q34389,Q12051531,female first cousin
Q267597,Q465702,Q76507,aunt
Q2685,Q24004771,Q15224724,nephew
Q26869,Q3878464,Q31819505,male first cousin
Q270150,Q115870127,Q19756330,granddaughter
Q270150,Q115870179,Q19756330,granddaughter
Q272438,Q531585,Q41798832,goddaughter
Q276181,Q64691210,Q15224724,nephew
Q277895,Q17117450,Q15312935,half-brother
Q28474288,Q27656034,Q15224724,nephew
Q28474288,Q28140172,Q15224724,nephew
Q28474288,Q30529095,Q15224724,nephew
Q2868065,Q135927639,Q11921506,grandson
Q291731,Q560643,Q4994791,maternal grandfather
Q2967602,Q107037607,Q2096646,child-in-law
Q310379,Q30113055,Q11921506,grandson
Q310926,Q110960620,Q1282201,stepfather
Q313013,Q297221,Q41810796,second nephew
Q313013,Q3968108,Q31819505,male first cousin
Q313013,Q453330,Q31819505,male first cousin
Q315051,Q1335786,Q4346792,stepson
Q315051,Q21042225,Q19756330,granddaughter
Q3180060,Q103939,Q15224724,nephew
Q3180060,Q220918,Q15224724,nephew
Q3180060,Q449965,Q3403377,niece
Q3180060,Q729264,Q15224724,nephew
Q3180309,Q1771251,Q15312935,half-brother
Q3180309,Q272092,Q6035384,mother's sister
Q318413,Q5361791,Q5992509,father's sister
Q318413,Q5621710,Q30868674,spouse's uncle
Q318413,Q5621941,Q31819505,male first cousin
Q318475,Q1514535,Q31819505,male first cousin
Q318475,Q16194721,Q12051531,female first cousin
Q318475,Q1827266,Q76557,uncle
Q318475,Q319996,Q31819505,male first cousin
Q318475,Q367032,Q76557,uncle
Q318475,Q89525498,Q11921506,grandson
Q318475,Q89942436,Q19756330,granddaughter
Q318475,Q952428,Q31819505,male first cousin
Q318953,Q122987094,Q9238344,grandfather
Q3194093,Q116472121,Q3403377,niece
Q320204,Q134538898,Q11921506,grandson
Q326025,Q6252669,Q13184390,sister's husband
Q332032,Q187165,Q41798817,godson
Q336074,Q273574,Q3238556,sister-in-law
Q345019,Q953428,Q31819505,male first cousin
Q3453634,Q16734597,Q19756330,granddaughter
Q348445,Q151173,Q27164536,great-great-great-grandfather
Q348445,Q152782,Q27164537,great-great-great-grandmother
Q350404,Q70058971,Q9238344,grandfather
Q3566481,Q5956087,Q76557,uncle
Q358774,Q314633,Q15224724,nephew
Q360929,Q2168683,Q12443619,sororal nephew
Q365144,Q186304,Q19822354,stepdaughter
Q365144,Q231270,Q19822354,stepdaughter
Q365144,Q26318,Q4346792,stepson
Q365144,Q575689,Q19822354,stepdaughter
Q366671,Q109877740,Q9238344,grandfather
Q366671,Q112346239,Q3813877,granduncle
Q366671,Q136387953,Q9235758,grandmother
Q366671,Q136388123,Q11972456,grandaunt
Q366671,Q25913572,Q3433569,second cousin
Q366671,Q84713709,Q3813877,granduncle
Q372311,Q189400,Q69610263,second cousin once removed descending
Q372311,Q4716439,Q12315099,second uncle
Q372311,Q5665920,Q69610263,second cousin once removed descending
Q372311,Q76018217,Q25290912,adoptive brother
Q38222,Q4739681,Q20746728,adopted daughter
Q38222,Q6377498,Q20746728,adopted daughter
Q3878464,Q26869,Q31819505,male first cousin
Q38792350,Q11689399,Q4838063,stepmother
Q38792350,Q47067306,Q12051531,female first cousin
Q38792350,Q4759667,Q12158205,father's brother
Q388286,Q6552076,Q19822354,stepdaughter
Q388286,Q6552076,Q3238556,sister-in-law
Q3993202,Q117536833,Q41810796,second nephew
Q3993202,Q118212942,Q76666,first cousin
Q3993202,Q150916,Q76666,first cousin
Q4253122,Q4253117,Q19822354,stepdaughter
Q4253122,Q469891,Q19822354,stepdaughter
Q4253122,Q900783,Q4346792,stepson
Q4269709,Q560847,Q31819505,male first cousin
Q432732,Q1487141,Q3403377,niece
Q433695,Q24648775,Q9235758,grandmother
Q438124,Q6217952,Q4994791,maternal grandfather
Q438164,Q13563250,Q76507,aunt
Q438164,Q16030321,Q9238344,grandfather
Q438164,Q19872594,Q76557,uncle
Q438164,Q4769280,Q76507,aunt
Q438164,Q7422544,Q76507,aunt
Q44430,Q467402,Q3752578,son-in-law
Q44546,Q65941020,Q2096646,child-in-law
Q453330,Q297221,Q15224724,nephew
Q453330,Q313013,Q31819505,male first cousin
Q453330,Q3700226,Q104626971,second niece
Q453330,Q453611,Q31819505,male first cousin
Q453330,Q504920,Q31819505,male first cousin
Q453330,Q629216,Q76557,uncle
Q453330,Q7982829,Q104626971,second niece
Q453611,Q297221,Q41810796,second nephew
Q453611,Q3700226,Q3403377,niece
Q453611,Q3968108,Q31819505,male first cousin
Q453611,Q453330,Q31819505,male first cousin
Q453611,Q63710339,,
Q453611,Q7982829,Q3403377,niece
Q460578,Q72652,Q1282201,stepfather
Q463119,Q4739681,Q20746728,adopted daughter
Q467961,Q6107,Q23045211,fraternal nephew
Q467961,Q6107,Q41798817,godson
Q469233,Q115870127,Q19756330,granddaughter
Q469233,Q115870179,Q19756330,granddaughter
Q4720667,Q1661826,Q19682162,paternal grandfather
Q4893826,Q5092812,Q25858158,adopted child
Q49128,Q313073,Q402152,ancestor
Q49128,Q6217755,Q2500621,great-grandfather
Q5031678,Q242155,Q3403377,niece
Q504029,Q114042598,Q19682162,paternal grandfather
Q504429,Q64711051,Q1282201,stepfather
Q505969,Q14539,Q15224724,nephew
Q5106231,Q876726,Q42301631,paternal cousin
Q510748,Q42313158,Q4346792,stepson
Q519962,Q1508326,Q12158205,father's brother
Q523278,Q24006239,Q11921506,grandson
Q527303,Q615910,Q23045211,fraternal nephew
Q529344,Q63344,Q3813877,granduncle
Q534413,Q1287406,Q13204680,father-in-law
Q534925,Q105533363,Q76507,aunt
Q535412,Q116843325,Q19756330,granddaughter
Q535412,Q116843329,Q19756330,granddaughter
Q538868,Q4647998,Q76557,uncle
Q54813693,Q42297085,Q19822354,stepdaughter
Q54813693,Q47482370,Q111253743,stepgrandson
Q54813693,Q51685817,Q4346792,stepson
Q54813693,Q64410255,Q111253799,stepgranddaughter
Q586503,Q1139993,Q11921506,grandson
Q586503,Q1867265,Q11921506,grandson
Q586503,Q1933507,Q3752578,son-in-law
Q60633179,Q121878254,Q18489480,daughter-in-law
Q60633179,Q186304,Q18489480,daughter-in-law
Q6175246,Q460882,Q15224724,nephew
Q623395,Q28911612,Q11921506,grandson
Q623395,Q5405288,Q3752578,son-in-law
Q6284282,Q15727320,Q23045278,fraternal niece
Q6284282,Q24293017,Q23045278,fraternal niece
Q6284282,Q24293161,Q23045211,fraternal nephew
Q6284282,Q255099,Q23045278,fraternal niece
Q6304611,Q78647484,Q15224724,nephew
Q6348672,Q8272059,Q3813877,granduncle
Q6390721,Q711874,Q23009870,cousin
Q645469,Q1018603,Q23009870,cousin
Q6525514,Q7185739,Q10861465,brother
Q6537614,Q876726,Q15312935,half-brother
Q6763589,Q1981308,Q76557,uncle
Q6832632,Q5540146,Q76557,uncle
Q711080,Q6107,Q41798817,godson
Q7164359,Q2546681,Q3813877,granduncle
Q723295,Q16207382,Q23045211,fraternal nephew
Q725065,Q6483484,Q42301631,paternal cousin
Q726071,Q2265116,Q2914212,brother-in-law
Q729117,Q136408568,Q9238344,grandfather
Q7341480,Q28464349,Q13183045,great-granddaughter
Q7545169,Q231508,Q23045293,sororal niece
Q7545169,Q25206278,Q2500621,great-grandfather
Q7545169,Q59630,Q3433569,second cousin
Q7545169,Q742280,Q12443619,sororal nephew
Q7545169,Q9286627,Q4994791,maternal grandfather
Q7610649,Q66606801,Q15224724,nephew
Q7648292,Q96318776,Q3752578,son-in-law
Q770059,Q1350541,Q13184390,sister's husband
Q770059,Q6186160,Q12443619,sororal nephew
Q7807881,Q2254520,Q12315099,second uncle
Q7807881,Q876726,Q23009870,cousin
Q83566,Q440,Q12315099,second uncle
Q83566,Q507514,Q17770960,second aunt
Q83566,Q60695164,Q1282201,stepfather
Q873,Q189400,Q84158643,female second cousin
Q938809,Q2186024,Q18489480,daughter-in-law
Q95008,Q27983595,Q3744857,godchild
Q95470386,Q108906268,Q19756330,granddaughter
Q957690,Q1941315,Q12158205,father's brother
Q957690,Q631195,Q31819505,male first cousin
Q962604,Q13909,Q3403377,niece
Q102257613,Q21070387,Q4994791,maternal grandfather
Q102257613,Q22686,Q30254751,maternal first cousin
Q102257613,Q23600580,Q4994787,maternal grandmother
Q1039291,Q107288545,Q4346792,stepson
Q1081523,Q23013902,Q20746713,stepsister
Q108283,Q1273533,Q30254751,maternal first cousin
Q108283,Q6288076,Q4120409,mother's brother
Q110154,Q44487704,Q6035384,mother's sister
Q110434703,Q6177770,Q3603531,grandchild
Q111628678,Q108906268,Q19756330,granddaughter
Q117012,Q11464251,Q19682162,paternal grandfather
Q117012,Q15700447,Q4994791,maternal grandfather
Q12908,Q20203152,Q13184281,brother's wife
Q131268915,Q108768988,Q4113830,great-niece
Q131268915,Q115601274,Q3403377,niece
Q131268915,Q3178896,Q15224724,nephew
Q131814,Q118683602,Q20746725,adopted son
Q131814,Q118683602,Q4346792,stepson
Q131814,Q118793015,Q20746725,adopted son
Q131814,Q118793015,Q4346792,stepson
Q131814,Q26705121,Q2096646,child-in-law
Q133898050,Q133906140,Q9238344,grandfather
Q133943608,Q133853091,Q19680017,great-grandson
Q133943608,Q133943273,Q11921506,grandson
Q133943608,Q13657575,Q19756330,granddaughter
Q1356135,Q231923,Q15224724,nephew
Q136379378,Q342252,Q4346792,stepson
Q136379378,Q95702252,Q19756330,granddaughter
Q1378213,Q202729,Q31819505,male first cousin
Q1378213,Q324757,Q31819505,male first cousin
Q14633979,Q5321471,Q9238344,grandfather
Q14702153,Q318475,Q3752578,son-in-law
Q15488944,Q6766577,Q9238344,grandfather
Q158056,Q12617843,Q11921506,grandson
Q15808149,Q82222,Q20746725,adopted son
Q159347,Q313463,Q15657883,son's son
Q1608378,Q749702,Q4113832,great-nephew
Q16264416,Q1648686,Q23009870,cousin
Q16297,Q225239,Q3752578,son-in-law
Q16345,Q56724015,Q4346792,stepson
Q1648686,Q16264416,Q23009870,cousin
Q16546380,Q361653,Q76557,uncle
Q1687793,Q116909708,Q25536898,male paternal parallel cousin
Q175571,Q6377943,Q20746728,adopted daughter
Q182725,Q2363663,Q23009870,cousin
Q183092,Q4984798,Q4346792,stepson
Q184650,Q74703207,Q76557,uncle
Q187038,Q130011085,Q19756330,granddaughter
Q194762,Q313463,Q15657883,son's son
Q200883,Q22234338,Q3433569,second cousin
Q200883,Q64683572,Q76507,aunt
Q201538,Q6399693,Q12315099,second uncle
Q202729,Q1378213,Q31819505,male first cousin
Q202729,Q324757,Q31819505,male first cousin
Q20656398,Q17275421,Q11921506,grandson
Q20656399,Q17275421,Q11921506,grandson
Q208871,Q1677281,Q23009870,cousin
Q208871,Q16799123,Q20746725,adopted son
Q208871,Q16799123,Q4346792,stepson
Q208871,Q26705121,Q2096646,child-in-law
Q208871,Q83689409,Q12150991,wife's sister
Q216726,Q132672370,Q10861465,brother
Q2233935,Q152274,Q3813877,granduncle
Q2233935,Q55385736,Q12158205,father's brother
Q2233935,Q7939860,Q3813877,granduncle
Q229881,Q5222291,Q23045425,husband's brother
Q230188,Q319099,Q31819505,male first cousin
Q230196,Q2842663,Q3403377,niece
Q230218,Q457306,Q4838063,stepmother
Q233843,Q6774310,Q76507,aunt
Q233950,Q2907349,Q12158205,father's brother
Q23621762,Q16728783,Q135244796,maternal nephew
Q2363663,Q182725,Q23009870,cousin
Q238243,Q1356897,Q20746702,stepbrother
Q2458450,Q10738,Q12183411,daughter's son
Q2458450,Q1356412,Q3752578,son-in-law
Q2458450,Q136434349,Q886783,blood brother
Q2458450,Q20901722,Q104626971,second niece
Q2556603,Q1245339,,
Q2556603,Q19893836,,
Q2556603,Q7493033,,
Q263696,Q17487638,,
Q267691,Q112784431,Q20746728,adopted daughter
Q2708142,Q70002630,Q3403377,niece
Q2741191,Q59829393,Q19756330,granddaughter
Q2960831,Q6777383,Q10861465,brother
Q303,Q16216016,Q3433569,second cousin
Q311195,Q234329,Q18489480,daughter-in-law
Q313281,Q3159138,Q76557,uncle
Q313522,Q190994,Q23009870,cousin
Q3138805,Q463497,Q15224724,nephew
Q3138805,Q592906,,
Q319099,Q230188,Q12051531,female first cousin
Q319099,Q6230322,Q3103421,stepchild
Q324757,Q1378213,Q31819505,male first cousin
Q324757,Q202729,Q31819505,male first cousin
Q3247831,Q4914,Q15224724,nephew
Q3247831,Q6273560,Q15224724,nephew
Q3293086,Q947336,Q76507,aunt
Q3378830,Q3675700,Q11921506,grandson
Q3441300,Q2165350,Q2500621,great-grandfather
Q3469977,Q4309825,Q2500621,great-grandfather
Q34851,Q108941,Q19822354,stepdaughter
Q34851,Q14955467,Q19822354,stepdaughter
Q34851,Q460457,Q19822354,stepdaughter
Q34851,Q6849057,Q4346792,stepson
Q34851,Q75788763,Q19822354,stepdaughter
Q34851,Q75788765,Q4346792,stepson
Q34851,Q75788768,Q19822354,stepdaughter
Q34851,Q7812365,Q4346792,stepson
Q3499716,Q168975,Q76557,uncle
Q356161,Q12376637,Q23045211,fraternal nephew
Q356161,Q4482503,Q76557,uncle
Q357001,Q571030,Q9238344,grandfather
Q3760499,Q104552547,Q5992509,father's sister
Q3905521,Q2825051,Q76557,uncle
Q42775,Q4933751,Q19822354,stepdaughter
Q446467,Q3007813,Q23009870,cousin
Q447892,Q18218031,Q15224724,nephew
Q448957,Q4496,Q3433569,second cousin
Q448957,Q5701480,Q2500621,great-grandfather
Q455818,Q63187832,Q12183411,daughter's son
Q456180,Q233342,Q19822354,stepdaughter
Q458464,Q189351,Q20746725,adopted son
Q464714,Q304489,Q76557,uncle
Q465702,Q234695,Q3403377,niece
Q465702,Q267597,Q3403377,niece
Q48337,Q107415409,Q42302432,daughter's daughter
Q4859406,Q6760045,Q6035384,mother's sister
Q4943414,Q9267785,Q19756330,granddaughter
Q4956732,Q107220145,Q76507,aunt
Q495813,Q114457194,Q76557,uncle
Q506592,Q22344335,Q19756330,granddaughter
Q5365894,Q104424217,Q3403377,niece
Q5531312,Q122976440,Q1282201,stepfather
Q5571456,Q5106746,Q11921506,grandson
Q59129,Q21005382,Q23045211,fraternal nephew
Q6285495,Q505393,Q9238344,grandfather
Q648563,Q766930,Q23009870,cousin
Q6768581,Q5220620,Q2914212,brother-in-law
Q6838610,Q14441,Q19822354,stepdaughter
Q6838610,Q448983,Q19822354,stepdaughter
Q6838610,Q50768273,Q4346792,stepson
Q705022,Q112784431,Q20746728,adopted daughter
Q705697,Q982831,Q2500621,great-grandfather
Q710739,Q366939,Q4346792,stepson
Q7172696,Q634684,,
Q72334,Q616305,Q18489480,daughter-in-law
Q7350439,Q234117,Q723868,mother-in-law
Q7365333,Q105376990,Q19756330,granddaughter
Q75662950,Q2896041,Q76557,uncle
Q766930,Q648563,Q23009870,cousin
Q82222,Q15808149,Q61740757,adoptive father
Q83558551,Q440604,Q3238556,sister-in-law
Q83558551,Q6744276,Q3403377,niece
Q862028,Q722946,Q3433569,second cousin
Q862152,Q16854282,Q15224724,nephew
Q887766,Q134319450,Q13204680,father-in-law
Q892997,Q23009870,,
Q892997,Q445224,,
Q927631,Q552126,Q4113832,great-nephew
Q927631,Q809111,Q15224724,nephew
Q930812,Q213302,Q20746742,adoptive parent
Q930812,Q983356,Q20746742,adoptive parent
Q956100,Q18159259,Q11921506,grandson
Q113530855,Q180665,Q18489480,daughter-in-law
Q113530855,Q28890499,Q19756330,granddaughter
Q113530855,Q84610483,Q11921506,grandson
Q11887874,Q124629808,Q15224724,nephew
Q1258755,Q927614,Q13204680,father-in-law
Q125965990,Q125965987,Q9238344,grandfather
Q125965990,Q125965991,Q3403377,niece
Q138005,Q135927639,Q11921506,grandson
Q1647267,Q457161,Q16658574,sibling-in-law
Q1647267,Q7359170,Q16658574,sibling-in-law
Q1811847,Q20974095,Q19756330,granddaughter
Q1929817,Q108941,Q20746713,stepsister
Q1929817,Q14955467,Q20746713,stepsister
Q1929817,Q460457,Q20746713,stepsister
Q1929817,Q6849057,Q20746702,stepbrother
Q1929817,Q75788763,Q20746713,stepsister
Q1929817,Q75788765,Q20746702,stepbrother
Q1929817,Q75788768,Q20746713,stepsister
Q1929817,Q7812365,Q20746702,stepbrother
Q1973878,Q2478543,Q3813877,granduncle
Q1973878,Q3073519,Q2500621,great-grandfather
Q204630,Q16738430,Q2096646,child-in-law
Q2158716,Q314569,Q15224724,nephew
Q229244,Q131933921,Q3238556,sister-in-law
Q235349,Q5944264,Q4838063,stepmother
Q235349,Q813332,Q4838063,stepmother
Q238993,Q230903,Q3403377,niece
Q240490,Q63840349,Q3403377,niece
Q2535855,Q105487,Q61740757,adoptive father
Q255233,Q137551655,,
Q260955,Q457161,Q16658574,sibling-in-law
Q2623520,Q18238620,Q3403377,niece
Q28007044,Q62558,Q76507,aunt
Q2844566,Q19877770,Q15224724,nephew
Q2844566,Q91012851,Q3403377,niece
Q284731,Q16026514,Q19682171,paternal great-grandparent
Q3056362,Q16194721,Q17770960,second aunt
Q3056362,Q319996,Q12315099,second uncle
Q3056362,Q952428,Q12315099,second uncle
Q319072,Q7380718,Q19682162,paternal grandfather
Q319072,Q7610073,Q31819505,male first cousin
Q319072,Q7610074,Q76557,uncle
Q319084,Q4932461,Q23009870,cousin
Q320025,Q26703280,Q15224724,nephew
Q3240869,Q180224,Q10436574,third cousin
Q3240869,Q227129,Q10436574,third cousin
Q3240869,Q456903,Q3433569,second cousin
Q324882,Q5264222,Q19682162,paternal grandfather
Q329734,Q135218916,Q11921506,grandson
Q329744,Q333550,Q12051531,female first cousin
Q336222,Q24248537,Q3403377,niece
Q342612,Q185165,,
Q3441441,Q421707,Q31819505,male first cousin
Q360280,Q51461,Q76557,uncle
Q380900,Q4749380,Q23009870,cousin
Q39071094,Q552828,,
Q40162,Q29260589,Q4346792,stepson
Q427120,Q4346481,Q3403377,niece
Q430518,Q1411603,Q23009870,cousin
Q430518,Q7545166,Q19682162,paternal grandfather
Q443842,Q107370879,Q15224724,nephew
Q4737931,Q8027,Q76557,uncle
Q509163,Q1738053,Q12158205,father's brother
Q5214087,Q352473,Q31819505,male first cousin
Q5281018,Q2521465,Q12443619,sororal nephew
Q5281018,Q4716660,Q12443619,sororal nephew
Q54485721,Q32678,Q23045425,husband's brother
Q55800,Q106777319,Q19595229,maternal half-sister
Q55800,Q106777352,Q19595227,maternal half-brother
Q60728784,Q15813838,Q9238344,grandfather
Q6176140,Q41634479,Q76557,uncle
Q6176140,Q41757031,Q9238344,grandfather
Q6777425,Q5191345,Q3403377,niece
Q6862188,Q135290944,Q23009870,cousin
Q714,Q2831,Q10436574,third cousin
Q7345377,Q117536833,Q41810796,second nephew
Q7613715,Q8000241,Q13204680,father-in-law
Q7653572,Q2224610,Q15224724,nephew
Q7653572,Q30160252,Q15224724,nephew
Q7653572,Q5944436,Q15224724,nephew
Q7653572,Q6509204,Q3403377,niece
Q7653572,Q6707501,Q3403377,niece
Q7653572,Q94166642,Q3403377,niece
Q7922403,Q1308545,Q12158205,father's brother
Q7922403,Q775572,Q31819505,male first cousin
Q809111,Q18155468,,
Q809111,Q927631,,
Q91258099,Q3218835,Q18489480,daughter-in-law
Q91258099,Q86267962,Q3752578,son-in-law
Q91258099,Q91257087,Q11921506,grandson
Q91258099,Q91257493,Q11921506,grandson
Q952428,Q1514535,Q15224724,nephew
Q952428,Q1827266,Q76557,uncle
Q952428,Q318475,Q31819505,male first cousin
Q952428,Q56612902,Q15224724,nephew
Q953428,Q345019,Q31819505,male first cousin
Q979655,Q16728173,Q23009870,cousin
Q100555264,Q100556576,Q3403377,niece
Q100555264,Q100712089,Q2914212,brother-in-law
Q100555264,Q318200,Q76557,uncle
Q103829248,Q16643813,Q23009870,cousin
Q104889361,Q104892346,Q402152,ancestor
Q105376990,Q7365333,Q9238344,grandfather
Q106492630,Q5238243,Q9238344,grandfather
Q106588627,Q16104616,Q9238344,grandfather
Q107370879,Q443842,Q41805477,parent's sister
Q107814680,Q100964975,Q9238344,grandfather
Q107814680,Q110822840,Q9235758,grandmother
Q107814680,Q134403810,Q19680017,great-grandson
Q107814680,Q134403920,Q19680017,great-grandson
Q107814680,Q134693091,Q9238344,grandfather
Q107814680,Q134693228,Q9235758,grandmother
Q107814680,Q134694259,Q2500621,great-grandfather
Q107814680,Q134694454,Q2500620,great-grandmother
Q110402210,Q1423497,Q4994791,maternal grandfather
Q113853266,Q138014130,Q23009870,cousin
Q1146726,Q173275,Q76557,uncle
Q1146726,Q314633,Q76666,first cousin
Q1146726,Q358774,Q76557,uncle
Q116509915,Q116509916,Q23009870,cousin
Q116690181,Q611518,,
Q116690181,Q611518,Q3403377,niece
Q116755169,Q318204,Q3972282,elder brother
Q117455302,Q267383,Q23009870,cousin
Q117455302,Q312878,Q9238344,grandfather
Q117455302,Q3645456,Q76557,uncle
Q117455302,Q433417,Q76557,uncle
Q117455302,Q459928,Q23009870,cousin
Q117455302,Q463734,Q76557,uncle
Q117476935,Q2660811,Q9235758,grandmother
Q117862694,Q62031893,Q10861465,brother
Q118113284,Q117785667,Q15224724,nephew
Q120102519,Q37856256,Q23009870,cousin
Q120102519,Q44549323,Q23009870,cousin
Q126079156,Q3531686,Q76557,uncle
Q130380025,Q130379979,Q723868,mother-in-law
Q135191169,Q37804760,Q23045278,fraternal niece
Q135191169,Q37805197,Q111323925,Q111323925
Q135191169,Q37805698,Q111323925,Q111323925
Q18218031,Q212026,Q23009870,cousin
Q18218031,Q3856266,Q23009870,cousin
Q18218031,Q447892,Q76557,uncle
Q23038560,Q5230120,Q9238344,grandfather
Q61920735,Q38203,Q72733707,great-grandniece
Q84052158,Q385362,Q2329919,progenitor
Q92950041,Q313411,Q19682162,paternal grandfather
Q99402266,Q231736,Q9235758,grandmother
Q99402266,Q2939843,Q76507,aunt
Q104126119,Q26876,Q19756330,granddaughter
Q108761662,Q10949595,Q76557,uncle
Q131455401,Q3269706,Q10861465,brother
Q15433367,Q6145141,Q15224724,nephew
Q15456138,Q107310849,Q19756330,granddaughter
Q160717,Q1274294,Q13204680,father-in-law
Q165421,Q241812,Q19822354,stepdaughter
Q165421,Q331187,Q4346792,stepson
Q1654472,Q9049,Q23009870,cousin
Q168041,Q16195924,Q15224724,nephew
Q1687792,Q1425739,Q25536898,male paternal parallel cousin
Q1687792,Q32788,Q116914618,female paternal parallel cousin
Q1738053,Q123186455,Q15224724,nephew
Q1738053,Q46118286,Q15224724,nephew
Q1738053,Q509163,Q3403377,niece
Q17523925,Q186492,Q12158205,father's brother
Q206856,Q104381696,Q76507,aunt
Q206856,Q16738978,Q23009870,cousin
Q206856,Q18527819,Q76507,aunt
Q206856,Q2391246,Q3403377,niece
Q206856,Q247589,Q9238344,grandfather
Q206856,Q3309512,Q23009870,cousin
Q206856,Q5169470,Q23009870,cousin
Q206856,Q55796,Q2914212,brother-in-law
Q206856,Q927550,,
Q2074570,Q116983,Q12158205,father's brother
Q2133826,Q136655302,Q76507,aunt
Q219420,Q7306619,Q61740757,adoptive father
Q2204566,Q55437404,Q23009870,cousin
Q231417,Q131432613,Q3433569,second cousin
Q255378,Q3023151,Q2914212,brother-in-law
Q258661,Q453781,Q15224724,nephew
Q259998,Q108768988,Q19756330,granddaughter
Q259998,Q28664727,Q3752578,son-in-law
Q2729586,Q7821917,Q4346792,stepson
Q2732041,Q4732527,,
Q28738852,Q243472,Q4120409,mother's brother
Q2883992,Q1349639,Q4346792,stepson
Q2883992,Q233937,Q19822354,stepdaughter
Q2883992,Q545438,Q19822354,stepdaughter
Q2895857,Q15436566,Q4396070,nurture kinship
Q2899059,Q36838423,Q11921506,grandson
Q310295,Q18155468,Q3403377,niece
Q310295,Q552126,Q11921506,grandson
Q3294107,Q14441,Q19822354,stepdaughter
Q3294107,Q448983,Q19822354,stepdaughter
Q3294107,Q50768273,Q4346792,stepson
Q3497162,Q12032473,Q15224724,nephew
Q355288,Q23685,Q3433569,second cousin
Q378098,Q112584676,Q3403377,niece
Q378098,Q6456367,Q15224724,nephew
Q378098,Q8008741,Q15224724,nephew
Q4020203,Q4894291,Q3403377,niece
Q4348188,Q1329372,Q11921506,grandson
Q441705,Q441935,Q3403377,niece
Q447879,Q16745380,Q11921506,grandson
Q447879,Q2483728,Q19756330,granddaughter
Q466508,Q23844,Q15224724,nephew
Q5254333,Q7243662,Q13184281,brother's wife
Q5386983,Q228906,Q23009870,cousin
Q5386983,Q5604,Q9238344,grandfather
Q5386983,Q6245074,Q12158205,father's brother
Q5603,Q6145141,Q15224724,nephew
Q56788509,Q56760205,,
Q582996,Q1785,Q57832810,male cousin
Q591205,Q85711077,Q19756330,granddaughter
Q6205061,Q5371249,Q9238344,grandfather
Q6711,Q135011377,Q15224724,nephew
Q6849057,Q1929817,Q20746702,stepbrother
Q6849057,Q75788353,Q20746702,stepbrother
Q7052590,Q1281212,Q13204680,father-in-law
Q706953,Q5473559,Q4120409,mother's brother
Q710809,Q935167,Q11921506,grandson
Q711874,Q465139,Q15224724,nephew
Q718078,Q556502,Q13204680,father-in-law
Q718078,Q7149523,Q12443619,sororal nephew
Q7796523,Q21995296,Q15224724,nephew
Q8000241,Q7613715,Q3752578,son-in-law
Q8027,Q4737931,Q23045278,fraternal niece
Q87768609,Q1875906,Q12158205,father's brother
Q9049,Q6303337,Q13184281,brother's wife
Q927614,Q1258755,Q3752578,son-in-law
Q953627,Q100381882,Q11921506,grandson
Q95889055,Q97133770,Q9238344,grandfather
Q961610,Q311719,Q31819505,male first cousin
Q103939,Q220918,,
Q103939,Q3180060,Q76557,uncle
Q103939,Q449965,,
Q1067036,Q1606461,Q9238344,grandfather
Q1071238,Q910625,Q13204680,father-in-law
Q1140141,Q14951156,Q15224724,nephew
Q11837005,Q131933921,Q3238556,sister-in-law
Q125106,Q104762510,Q19822354,stepdaughter
Q125106,Q106577999,Q23045435,husband's sister
Q125106,Q106578009,Q23045425,husband's brother
Q125106,Q106578063,Q4346792,stepson
Q125106,Q1451167,Q23868497,husband's father
Q125106,Q25346407,Q69610263,second cousin once removed descending
Q127548,Q1487141,Q23009870,cousin
Q131324,Q24248537,Q3403377,niece
Q132952,Q24639305,Q15224724,nephew
Q13367887,Q2364552,Q19682162,paternal grandfather
Q13367887,Q95610167,Q12433519,paternal grandmother
Q13774475,Q135011339,Q4113832,great-nephew
Q139325,Q1676471,Q76557,uncle
Q15505371,Q7365780,Q595094,sister
Q15521785,Q134487582,Q167918,grandparent
Q16729668,Q102055307,Q12051531,female first cousin
Q16729668,Q65029113,Q2914212,brother-in-law
Q1683881,Q6230322,Q19595226,paternal half-brother
Q171758,Q15489158,Q1282201,stepfather
Q1853959,Q216298,Q3403377,niece
Q1853959,Q269846,Q19595229,maternal half-sister
Q1853959,Q47899,Q3403377,niece
Q188955,Q5215744,,
Q189400,Q372311,Q69611015,second cousin once removed ascending
Q189400,Q4716439,Q3813877,granduncle
Q189400,Q5665920,Q84158642,male second cousin
Q189400,Q873,Q84158643,female second cousin
Q193637,Q55431064,Q15224724,nephew
Q193668,Q7301634,Q3433569,second cousin
Q202475,Q5703964,Q9235758,grandmother
Q212026,Q18218031,Q23009870,cousin
Q229572,Q220889,,
Q229572,Q232340,,
Q230390,Q21683606,Q2500621,great-grandfather
Q24004771,Q23800185,Q31819505,male first cousin
Q24004771,Q23800185,Q42301631,paternal cousin
Q24004771,Q2685,Q12158205,father's brother
Q24004771,Q28109921,Q12051531,female first cousin
Q24004771,Q28109921,Q42301631,paternal cousin
Q24004771,Q28109928,Q31819505,male first cousin
Q24004771,Q28109928,Q42301631,paternal cousin
Q24004771,Q4521676,Q12051531,female first cousin
Q24004771,Q4521676,Q42301631,paternal cousin
Q24004771,Q901541,Q31819505,male first cousin
Q24004771,Q901541,Q42301631,paternal cousin
Q24293017,Q6284282,Q12158205,father's brother
Q243049,Q75653979,Q41798832,goddaughter
Q24605465,Q41035807,Q26004701,maternal great-grandparent
Q2467615,Q194045,Q23009870,cousin
Q2478999,Q173275,Q4120409,mother's brother
Q2478999,Q358774,Q4120409,mother's brother
Q2521465,Q5281018,Q4120409,mother's brother
Q270660,Q240885,Q76507,aunt
Q271426,Q61128,,
Q2779246,Q3901468,Q10861465,brother
Q2824007,Q362616,Q23009870,cousin
Q28664727,Q108768988,Q3403377,niece
Q28664727,Q259998,Q20094017,wife's mother
Q28664727,Q3178896,Q2914212,brother-in-law
Q291024,Q1487141,Q23009870,cousin
Q297744,Q17403535,Q3403377,niece
Q310947,Q3184556,Q23009870,cousin
Q310947,Q34086,Q3752578,son-in-law
Q310947,Q571260,Q13204680,father-in-law
Q314633,Q1146726,Q76666,first cousin
Q314633,Q173275,Q76557,uncle
Q314633,Q358774,Q76557,uncle
Q3308529,Q51490,Q19682162,paternal grandfather
Q34166,Q127696060,Q19822354,stepdaughter
Q34253,Q1367643,Q9238344,grandfather
Q3435192,Q241418,Q3238556,sister-in-law
Q350405,Q315083,Q2914212,brother-in-law
Q352473,Q5214087,Q31819505,male first cousin
Q3530919,Q343564,Q84183739,cousin-in-law
Q3531686,Q126079156,Q15224724,nephew
Q360518,Q10738,Q11666901,nominal kinship
Q360518,Q10738,Q42301932,biaojie
Q360518,Q173275,Q4120409,mother's brother
Q360518,Q275971,Q23009870,cousin
Q360518,Q358774,Q4120409,mother's brother
Q360518,Q62059165,Q15224724,nephew
Q3676126,Q22344335,Q3403377,niece
Q3700226,Q297221,Q3433569,second cousin
Q3700226,Q3968108,Q12315099,second uncle
Q3700226,Q453330,Q12315099,second uncle
Q3700226,Q453611,Q76557,uncle
Q3700226,Q504920,Q76557,uncle
Q3814416,Q233253,Q76507,aunt
Q41152,Q6214495,Q31819505,male first cousin
Q4350,Q5298405,Q3238556,sister-in-law
Q4350,Q61948782,Q3238556,sister-in-law
Q44374,Q44683,Q15224724,nephew
Q44567,Q233905,Q723868,mother-in-law
Q44567,Q44430,Q13204680,father-in-law
Q449908,Q12297196,,
Q449965,Q3180060,Q76557,uncle
Q454328,Q344384,Q31819505,male first cousin
Q454404,Q1331120,Q3238556,sister-in-law
Q454404,Q21402343,Q2914212,brother-in-law
Q454404,Q228598,Q3403377,niece
Q4547,Q177074,Q402152,ancestor
Q465139,Q711874,,
Q465139,Q711874,Q76557,uncle
Q470680,Q3101539,Q9238344,grandfather
Q470680,Q6153057,Q9235758,grandmother
Q47159,Q6096,Q23009870,cousin
Q4716660,Q5281018,Q4120409,mother's brother
Q4914,Q124101466,Q72204903,"child of a sibling, aunt or uncle"
Q4914,Q3247831,Q76557,uncle
Q4914,Q6273560,Q10291472,younger brother
Q4914,Q7403282,Q23009870,cousin
Q5127297,Q242620,Q123935788,cousin
Q51685817,Q318475,Q2914212,brother-in-law
Q51685817,Q47482370,Q15224724,nephew
Q52063421,Q4346481,Q41798832,goddaughter
Q5255286,Q1749405,,
Q5336817,Q278543,Q4994791,maternal grandfather
Q5359190,Q5538478,Q2914212,brother-in-law
Q5359190,Q5545335,Q12158205,father's brother
Q541059,Q95887431,Q723868,mother-in-law
Q5553490,Q104077294,Q23045278,fraternal niece
Q558143,Q134509337,Q76557,uncle
Q57175365,Q57458522,Q2500621,great-grandfather
Q615045,Q734977,Q402152,ancestor
Q6179441,Q7176742,Q9238344,grandfather
Q6377943,Q175571,Q61740758,adoptive mother
Q6377943,Q36105,Q61740757,adoptive father
Q641352,Q7608242,Q4838063,stepmother
Q65937148,Q5387722,Q2914212,brother-in-law
Q6757852,Q106989026,Q9238344,grandfather
Q6757852,Q106989053,Q9235758,grandmother
Q6834893,Q212532,Q76557,uncle
Q6834893,Q628132,Q76557,uncle
Q687428,Q432856,Q13204680,father-in-law
Q6962615,Q116443122,Q3403377,niece
Q720199,Q5655711,Q30868674,spouse's uncle
Q720199,Q5658535,Q12158205,father's brother
Q720199,Q57304464,Q12051531,female first cousin
Q720199,Q6010854,Q41854901,paternal great-grandmother
Q720199,Q7322698,Q4120409,mother's brother
Q720199,Q9069904,Q4120409,mother's brother
Q7436770,Q237659,Q76507,aunt
Q7560476,Q272956,Q2920422,half-sister
Q7982829,Q297221,Q3433569,second cousin
Q7982829,Q3968108,Q12315099,second uncle
Q7982829,Q453330,Q12315099,second uncle
Q7982829,Q453611,Q76557,uncle
Q7982829,Q504920,Q76557,uncle
Q96475328,Q12071552,Q25536898,male paternal parallel cousin
Q96475328,Q22686,Q12158205,father's brother
Q96475328,Q23000814,Q25536898,male paternal parallel cousin
Q96475328,Q239411,Q25536898,male paternal parallel cousin
Q96475328,Q28748031,Q12158205,father's brother
Q96475328,Q3713655,Q25536898,male paternal parallel cousin
Q96475328,Q3731533,Q25536898,male paternal parallel cousin
Q96475328,Q42682869,Q5992509,father's sister
Q96475328,Q736223,Q5992509,father's sister
Q98755975,Q13561648,Q3403377,niece
Q98755975,Q20983703,Q3403377,niece
Q102012169,Q119585505,Q76507,aunt
Q102012169,Q16194721,Q76507,aunt
Q102012169,Q319996,Q76557,uncle
Q102012169,Q367032,Q9238344,grandfather
Q104077146,Q116509734,Q23009870,cousin
Q113678346,Q223300,Q31819505,male first cousin
Q113706630,Q1101612,Q76557,uncle
Q113706630,Q113707063,Q3403377,niece
Q113706630,Q2004409,Q19682162,paternal grandfather
Q113706630,Q5249301,Q12433519,paternal grandmother
Q113706630,Q84640026,Q15224724,nephew
Q113706850,Q1101612,Q76557,uncle
Q113706850,Q113707063,Q3403377,niece
Q113706850,Q2004409,Q19682162,paternal grandfather
Q113706850,Q5249301,Q12433519,paternal grandmother
Q113706850,Q84640026,Q15224724,nephew
Q113706850,Q958227,Q2914212,brother-in-law
Q1139993,Q586503,Q4994791,maternal grandfather
Q1139993,Q6388952,Q76557,uncle
Q1139993,Q734682,Q76557,uncle
Q116443122,Q6962615,Q76507,aunt
Q123151877,Q228893,Q76507,aunt
Q123470459,Q25144,Q76557,uncle
Q124216353,Q185928,Q9238344,grandfather
Q130798,Q70063212,Q23009870,cousin
Q130798,Q703908,Q23009870,cousin
Q1320452,Q108366,Q9238344,grandfather
Q1334384,Q5992732,Q2500621,great-grandfather
Q134349389,Q458658,Q2500621,great-grandfather
Q134458575,Q319396,Q9238344,grandfather
Q136047706,Q131725418,Q19682162,paternal grandfather
Q136047706,Q131725419,Q12433519,paternal grandmother
Q136047706,Q132645972,Q1282201,stepfather
Q136047706,Q136054385,Q12150903,husband's mother
Q136047706,Q136054493,Q23868497,husband's father
Q136047706,Q27535724,Q2920422,half-sister
Q136047706,Q535012,Q4994787,maternal grandmother
Q136047706,Q721957,Q4994791,maternal grandfather
Q136047706,Q95828722,Q15312935,half-brother
Q13657575,Q133853091,Q15224724,nephew
Q13657575,Q133943608,Q4994787,maternal grandmother
Q13657575,Q312098,Q19682162,paternal grandfather
Q13657575,Q342778,Q4994791,maternal grandfather
Q13657575,Q466508,Q12433519,paternal grandmother
Q15542608,Q169946,Q19595229,maternal half-sister
Q15542608,Q722830,Q19595227,maternal half-brother
Q15829810,Q22344335,Q3403377,niece
Q15987741,Q5087099,,
Q16231497,Q116443120,Q76507,aunt
Q16832285,Q64877541,,
Q17275421,Q20656398,Q9238344,grandfather
Q17275421,Q20656399,Q9235758,grandmother
Q1902825,Q19979249,Q23009870,cousin
Q1902825,Q6289028,Q23009870,cousin
Q20027497,Q562908,Q9238344,grandfather
Q2057232,Q14191086,,
Q20639881,Q6896606,Q12433519,paternal grandmother
Q20639881,Q72717,Q19682162,paternal grandfather
Q2084523,Q510248,Q12051531,female first cousin
Q227129,Q114238340,Q4994791,maternal grandfather
Q227129,Q114238512,Q4994787,maternal grandmother
Q227129,Q28658907,Q19595227,maternal half-brother
Q227129,Q28659023,Q19595229,maternal half-sister
Q227129,Q3506733,Q19682162,paternal grandfather
Q227129,Q456903,Q12433519,paternal grandmother
Q228766,Q104451312,Q4994791,maternal grandfather
Q228766,Q121365748,Q3813877,granduncle
Q228766,Q16195777,Q12315099,second uncle
Q228766,Q18249361,Q31819505,male first cousin
Q228766,Q18926769,Q12433519,paternal grandmother
Q228766,Q2434138,Q41823427,paternal grandfather's father
Q228766,Q2557801,Q19682162,paternal grandfather
Q228766,Q2745557,Q42240727,maternal great-grandfather
Q228766,Q4797044,Q12315099,second uncle
Q228766,Q506110,Q12315099,second uncle
Q228766,Q5214310,Q3813877,granduncle
Q228766,Q611342,Q76557,uncle
Q228766,Q6246683,Q12158205,father's brother
Q229184,Q53945123,Q12158205,father's brother
Q231228,Q18238620,Q23009870,cousin
Q231228,Q18913048,Q23045293,sororal niece
Q231556,Q562908,Q9238344,grandfather
Q2315802,Q142546,Q4994787,maternal grandmother
Q2315802,Q7174386,Q4994791,maternal grandfather
Q2315802,Q7831743,Q6035384,mother's sister
Q232646,Q15617884,Q3433569,second cousin
Q232646,Q17037439,Q3433569,second cousin
Q232646,Q3935797,Q3433569,second cousin
Q232646,Q455827,Q3433569,second cousin
Q233125,Q5910066,Q57832810,male cousin
Q233894,Q484165,,
Q23541285,Q52151598,Q3433569,second cousin
Q23541285,Q70235526,Q69614718,cousin-in-law
Q237270,Q4886439,Q23009870,cousin
Q237270,Q92350236,Q12051531,female first cousin
Q24207190,Q1184381,Q13204680,father-in-law
Q24207190,Q7456454,Q2914212,brother-in-law
Q24689254,Q7614463,Q76557,uncle
Q2500320,Q111421263,Q20746702,stepbrother
Q2500320,Q2478999,Q76557,uncle
Q2500320,Q2627833,Q108714555,twin brother
Q2500320,Q275971,Q11942732,first course
Q2500320,Q298315,Q76557,uncle
Q2500320,Q62059165,Q11942732,first course
Q254947,Q303,Q4994791,maternal grandfather
Q2627833,Q111421263,Q20746702,stepbrother
Q2627833,Q2478999,Q12158205,father's brother
Q2627833,Q2500320,Q108714555,twin brother
Q2627833,Q275971,Q31819505,male first cousin
Q2627833,Q298315,Q76557,uncle
Q26318,Q1375057,Q20746713,stepsister
Q26318,Q1770624,Q20746713,stepsister
Q26876,Q104126119,Q9235758,grandmother
Q27996060,Q56152062,Q76557,uncle
Q27996060,Q66090507,Q76557,uncle
Q28062745,Q329744,Q12439745,husband of father's sister
Q28062745,Q6962642,Q5992509,father's sister
Q2891336,Q65941020,Q2914212,brother-in-law
Q29260589,Q40057,Q20746713,stepsister
Q297221,Q313013,Q12315099,second uncle
Q297221,Q3700226,Q3433569,second cousin
Q297221,Q453330,Q76557,uncle
Q297221,Q453611,Q12315099,second uncle
Q297221,Q504920,Q12315099,second uncle
Q297221,Q629216,Q3813877,granduncle
Q297221,Q7982829,Q3433569,second cousin
Q299222,Q2016552,Q13184281,brother's wife
Q299222,Q314657,Q19595226,paternal half-brother
Q299222,Q712290,Q76557,uncle
Q299222,Q7435382,Q69614718,cousin-in-law
Q299222,Q952706,Q76557,uncle
Q299222,Q953089,Q196939,witness
Q301818,Q28146572,Q3403377,niece
Q3087003,Q28532571,Q23009870,cousin
Q3119295,Q3555592,,
Q313463,Q159347,Q9238344,grandfather
Q313463,Q194762,Q9235758,grandmother
Q3135566,Q121744,Q23009870,cousin
Q314133,Q14536294,Q76557,uncle
Q33240,Q471032,Q76557,uncle
Q33240,Q7694480,Q76557,uncle
Q3486444,Q17711441,Q9235758,grandmother
Q352159,Q20744974,Q2914212,brother-in-law
Q3574495,Q4973186,Q31819505,male first cousin
Q36838423,Q2899059,Q9238344,grandfather
Q36840164,Q7844022,Q3238556,sister-in-law
Q37804760,Q135191169,Q12158205,father's brother
Q3814475,Q20888791,Q19595228,paternal half-sister
Q3815611,Q116452199,Q9235758,grandmother
Q383930,Q136526025,Q15224724,nephew
Q3897537,Q6173653,,
Q390698,Q14951457,Q31819505,male first cousin
Q390698,Q25514,Q76557,uncle
Q390698,Q5628359,Q19682171,paternal great-grandparent
Q390698,Q6396874,Q31819505,male first cousin
Q427564,Q2124153,Q12158205,father's brother
Q427564,Q2139951,Q12158205,father's brother
Q427564,Q2510830,Q12158205,father's brother
Q427564,Q2715122,Q12158205,father's brother
Q43302090,Q17917450,Q13204680,father-in-law
Q43302090,Q7650675,Q23708554,spouse's aunt
Q4346481,Q2356030,Q23009870,cousin
Q4346481,Q427120,Q12158205,father's brother
Q4346481,Q64788016,Q23009870,cousin
Q44549323,Q120102519,Q23009870,cousin
Q4521676,Q134549,Q3813877,granduncle
Q4521676,Q23800185,Q19595226,paternal half-brother
Q4521676,Q24004771,Q31819505,male first cousin
Q4521676,Q25310,Q3813877,granduncle
Q4521676,Q3436301,Q4120409,mother's brother
Q4521676,Q3529079,Q4120409,mother's brother
Q4521676,Q38196234,Q12158205,father's brother
Q4521676,Q4773467,Q4120409,mother's brother
Q4521676,Q6769708,Q4120409,mother's brother
Q4521676,Q9696,Q3813877,granduncle
Q5219410,Q60302492,Q13204680,father-in-law
Q528466,Q15632629,Q76557,uncle
Q5364665,Q6256921,Q76557,uncle
Q547217,Q319336,Q23009870,cousin
Q547217,Q3508880,Q15312935,half-brother
Q5546073,Q949671,Q4994791,maternal grandfather
Q556644,Q16730162,Q31819505,male first cousin
Q56643034,Q719276,Q76557,uncle
Q56685718,Q28445512,Q23009870,cousin
Q57317635,Q133464775,Q15224724,nephew
Q57317635,Q6382106,Q2914212,brother-in-law
Q57317717,Q133464775,Q15224724,nephew
Q57317717,Q6382106,Q2914212,brother-in-law
Q59574788,Q257442,Q19595228,paternal half-sister
Q62070242,Q28857171,Q3433569,second cousin
Q6276792,Q22344335,Q3403377,niece
Q6377498,Q38222,Q61740757,adoptive father
Q6377498,Q4739681,Q25291043,adoptive sister
Q63840349,Q240490,Q76507,aunt
Q64996014,Q111436,Q19682162,paternal grandfather
Q65555167,Q86885,Q19682162,paternal grandfather
Q703723,Q6712648,Q58837291,great-great-grandfather
Q71881544,Q311068,Q76557,uncle
Q7302247,Q44137,Q23045425,husband's brother
Q73732509,Q114830056,Q76557,uncle
Q7537152,Q2938630,Q76557,uncle
Q768073,Q2341056,,
Q768073,Q956479,,
Q7844022,Q36840164,Q3238556,sister-in-law
Q926420,Q616960,Q31819505,male first cousin
Q9267785,Q193628,Q76507,aunt
Q9267785,Q4943414,Q9235758,grandmother
Q133464775,Q234058,Q9235758,grandmother
Q133464775,Q26806,Q9238344,grandfather
Q133464775,Q57317635,Q76557,uncle
Q133464775,Q57317717,Q76507,aunt
Q133809411,Q230654,Q9235758,grandmother
Q133809411,Q2685,Q9238344,grandfather
Q133809411,Q901541,Q76557,uncle
Q133809498,Q641050,Q76557,uncle
